--------------------------------------------------------
--  File created - Friday-July-02-2021   
--------------------------------------------------------
REM INSERTING into SYSTEM.BENHNHAN
SET DEFINE OFF;
Insert into SYSTEM.BENHNHAN (MAKHAMBENH,TEN,GIOITINH,NAMSINH,DIACHILIENLAC,SDT) values ('72','Herve Oliffe','Male',1992,'65470 Armistice Center','700-550-7793');
Insert into SYSTEM.BENHNHAN (MAKHAMBENH,TEN,GIOITINH,NAMSINH,DIACHILIENLAC,SDT) values ('73','Andris Rooms','Male',1986,'8020 Holmberg Court','765-796-7581');
Insert into SYSTEM.BENHNHAN (MAKHAMBENH,TEN,GIOITINH,NAMSINH,DIACHILIENLAC,SDT) values ('74','Julietta Le Maitre','Male',1983,'8701 Nova Plaza','333-447-9597');
Insert into SYSTEM.BENHNHAN (MAKHAMBENH,TEN,GIOITINH,NAMSINH,DIACHILIENLAC,SDT) values ('75','Corey Tregona','Male',1995,'4 Ronald Regan Junction','698-705-0387');
Insert into SYSTEM.BENHNHAN (MAKHAMBENH,TEN,GIOITINH,NAMSINH,DIACHILIENLAC,SDT) values ('76','Dusty Lukianovich','Female',1983,'14 Fremont Lane','802-152-2969');
Insert into SYSTEM.BENHNHAN (MAKHAMBENH,TEN,GIOITINH,NAMSINH,DIACHILIENLAC,SDT) values ('77','Saudra MacKall','Female',1981,'0 Bunker Hill Terrace','517-526-6097');
Insert into SYSTEM.BENHNHAN (MAKHAMBENH,TEN,GIOITINH,NAMSINH,DIACHILIENLAC,SDT) values ('78','Fanny Antwis','Female',1989,'33632 Hazelcrest Parkway','718-934-9440');
Insert into SYSTEM.BENHNHAN (MAKHAMBENH,TEN,GIOITINH,NAMSINH,DIACHILIENLAC,SDT) values ('79','Stacie Gudgen','Male',1996,'82438 Corben Circle','917-375-0615');
Insert into SYSTEM.BENHNHAN (MAKHAMBENH,TEN,GIOITINH,NAMSINH,DIACHILIENLAC,SDT) values ('80','Brod Dumelow','Male',1983,'98 Stephen Crossing','129-756-0585');
Insert into SYSTEM.BENHNHAN (MAKHAMBENH,TEN,GIOITINH,NAMSINH,DIACHILIENLAC,SDT) values ('81','Darryl Moehle','Male',1999,'55 Katie Hill','856-876-4384');
Insert into SYSTEM.BENHNHAN (MAKHAMBENH,TEN,GIOITINH,NAMSINH,DIACHILIENLAC,SDT) values ('82','Barnebas Bohlmann','Female',1992,'4529 Blaine Court','384-301-1809');
Insert into SYSTEM.BENHNHAN (MAKHAMBENH,TEN,GIOITINH,NAMSINH,DIACHILIENLAC,SDT) values ('83','Carmon Pendlebury','Female',2001,'78289 Portage Hill','877-812-7565');
Insert into SYSTEM.BENHNHAN (MAKHAMBENH,TEN,GIOITINH,NAMSINH,DIACHILIENLAC,SDT) values ('84','Claiborn Marikhin','Male',1994,'839 Vera Court','594-449-0332');
Insert into SYSTEM.BENHNHAN (MAKHAMBENH,TEN,GIOITINH,NAMSINH,DIACHILIENLAC,SDT) values ('85','Judy O'' Scallan','Female',1982,'0140 Lakewood Gardens Street','965-463-7851');
Insert into SYSTEM.BENHNHAN (MAKHAMBENH,TEN,GIOITINH,NAMSINH,DIACHILIENLAC,SDT) values ('86','Joey Kilrow','Female',1995,'09 Dixon Plaza','571-718-9561');
Insert into SYSTEM.BENHNHAN (MAKHAMBENH,TEN,GIOITINH,NAMSINH,DIACHILIENLAC,SDT) values ('87','Juline Scullion','Male',1991,'948 Springs Crossing','346-620-7842');
Insert into SYSTEM.BENHNHAN (MAKHAMBENH,TEN,GIOITINH,NAMSINH,DIACHILIENLAC,SDT) values ('88','Burt MacAlpin','Female',1994,'6 Myrtle Pass','255-156-1633');
Insert into SYSTEM.BENHNHAN (MAKHAMBENH,TEN,GIOITINH,NAMSINH,DIACHILIENLAC,SDT) values ('89','Sherwin Ponde','Male',1988,'4092 Carioca Place','925-654-9964');
Insert into SYSTEM.BENHNHAN (MAKHAMBENH,TEN,GIOITINH,NAMSINH,DIACHILIENLAC,SDT) values ('90','Kristi Blannin','Female',1982,'55 Northwestern Circle','732-183-6950');
Insert into SYSTEM.BENHNHAN (MAKHAMBENH,TEN,GIOITINH,NAMSINH,DIACHILIENLAC,SDT) values ('91','Janice Jepson','Female',1994,'664 Ramsey Avenue','944-262-4742');
Insert into SYSTEM.BENHNHAN (MAKHAMBENH,TEN,GIOITINH,NAMSINH,DIACHILIENLAC,SDT) values ('92','Owen Kervin','Female',1998,'80520 Ilene Avenue','212-893-8030');
Insert into SYSTEM.BENHNHAN (MAKHAMBENH,TEN,GIOITINH,NAMSINH,DIACHILIENLAC,SDT) values ('93','Neda Le Marquis','Female',1998,'87623 Paget Park','975-316-4616');
Insert into SYSTEM.BENHNHAN (MAKHAMBENH,TEN,GIOITINH,NAMSINH,DIACHILIENLAC,SDT) values ('94','Vernice Rowthorne','Male',2002,'9703 Eastwood Trail','373-481-7712');
Insert into SYSTEM.BENHNHAN (MAKHAMBENH,TEN,GIOITINH,NAMSINH,DIACHILIENLAC,SDT) values ('95','Rennie Lamdin','Female',1982,'6684 Oak Valley Drive','210-830-1868');
Insert into SYSTEM.BENHNHAN (MAKHAMBENH,TEN,GIOITINH,NAMSINH,DIACHILIENLAC,SDT) values ('96','Stu Ridgewell','Female',2002,'2385 Rieder Terrace','217-356-8488');
Insert into SYSTEM.BENHNHAN (MAKHAMBENH,TEN,GIOITINH,NAMSINH,DIACHILIENLAC,SDT) values ('97','Mattias Rooms','Male',1999,'116 Clove Lane','579-610-1222');
Insert into SYSTEM.BENHNHAN (MAKHAMBENH,TEN,GIOITINH,NAMSINH,DIACHILIENLAC,SDT) values ('98','Lucas Heintze','Female',1997,'2 Bobwhite Parkway','273-468-9481');
Insert into SYSTEM.BENHNHAN (MAKHAMBENH,TEN,GIOITINH,NAMSINH,DIACHILIENLAC,SDT) values ('99','Suki Scola','Male',1981,'74185 Grover Circle','591-128-3235');
Insert into SYSTEM.BENHNHAN (MAKHAMBENH,TEN,GIOITINH,NAMSINH,DIACHILIENLAC,SDT) values ('100','Corry Golthorpp','Male',1982,'3763 Old Gate Center','974-528-2055');
Insert into SYSTEM.BENHNHAN (MAKHAMBENH,TEN,GIOITINH,NAMSINH,DIACHILIENLAC,SDT) values ('47','Leonid Enochsson','Male',1996,'23475 Oak Valley Terrace','731-232-9205');
Insert into SYSTEM.BENHNHAN (MAKHAMBENH,TEN,GIOITINH,NAMSINH,DIACHILIENLAC,SDT) values ('48','Marcelia Eymor','Male',1983,'52 Hagan Circle','450-970-1755');
Insert into SYSTEM.BENHNHAN (MAKHAMBENH,TEN,GIOITINH,NAMSINH,DIACHILIENLAC,SDT) values ('49','Claresta Gherardini','Female',1990,'4734 Randy Court','581-381-5918');
Insert into SYSTEM.BENHNHAN (MAKHAMBENH,TEN,GIOITINH,NAMSINH,DIACHILIENLAC,SDT) values ('50','Flynn Brittin','Female',1983,'36 Corben Pass','459-117-7826');
Insert into SYSTEM.BENHNHAN (MAKHAMBENH,TEN,GIOITINH,NAMSINH,DIACHILIENLAC,SDT) values ('51','Lonee Selman','Male',1990,'9021 Hovde Place','909-489-8565');
Insert into SYSTEM.BENHNHAN (MAKHAMBENH,TEN,GIOITINH,NAMSINH,DIACHILIENLAC,SDT) values ('52','Munroe Forbes','Male',1988,'5 Bellgrove Place','177-407-4805');
Insert into SYSTEM.BENHNHAN (MAKHAMBENH,TEN,GIOITINH,NAMSINH,DIACHILIENLAC,SDT) values ('53','Cal Aronovich','Male',1993,'17 Sundown Point','472-326-9243');
Insert into SYSTEM.BENHNHAN (MAKHAMBENH,TEN,GIOITINH,NAMSINH,DIACHILIENLAC,SDT) values ('54','Valaree Haryngton','Male',1996,'79 Gulseth Pass','251-473-2990');
Insert into SYSTEM.BENHNHAN (MAKHAMBENH,TEN,GIOITINH,NAMSINH,DIACHILIENLAC,SDT) values ('55','Lucien Hattersley','Male',1997,'1 Forest Terrace','712-478-7655');
Insert into SYSTEM.BENHNHAN (MAKHAMBENH,TEN,GIOITINH,NAMSINH,DIACHILIENLAC,SDT) values ('56','Merrily Eeles','Male',1994,'9 Caliangt Park','316-513-6123');
Insert into SYSTEM.BENHNHAN (MAKHAMBENH,TEN,GIOITINH,NAMSINH,DIACHILIENLAC,SDT) values ('57','Frederic Degg','Female',1994,'51 Mcbride Pass','384-620-2105');
Insert into SYSTEM.BENHNHAN (MAKHAMBENH,TEN,GIOITINH,NAMSINH,DIACHILIENLAC,SDT) values ('58','Lucho Picken','Female',2001,'1995 Blackbird Trail','288-703-0849');
Insert into SYSTEM.BENHNHAN (MAKHAMBENH,TEN,GIOITINH,NAMSINH,DIACHILIENLAC,SDT) values ('59','Natala McGrory','Female',1994,'8 Bluestem Way','109-856-4518');
Insert into SYSTEM.BENHNHAN (MAKHAMBENH,TEN,GIOITINH,NAMSINH,DIACHILIENLAC,SDT) values ('60','Montague Boothby','Male',1988,'02303 Mitchell Park','709-904-8333');
Insert into SYSTEM.BENHNHAN (MAKHAMBENH,TEN,GIOITINH,NAMSINH,DIACHILIENLAC,SDT) values ('61','Nolan Dungee','Male',1986,'5095 Springview Circle','585-309-4128');
Insert into SYSTEM.BENHNHAN (MAKHAMBENH,TEN,GIOITINH,NAMSINH,DIACHILIENLAC,SDT) values ('62','Ailee Kennealy','Female',1989,'2 Garrison Street','121-134-2036');
Insert into SYSTEM.BENHNHAN (MAKHAMBENH,TEN,GIOITINH,NAMSINH,DIACHILIENLAC,SDT) values ('63','Michelina Slad','Male',2000,'1 Ryan Avenue','726-867-0721');
Insert into SYSTEM.BENHNHAN (MAKHAMBENH,TEN,GIOITINH,NAMSINH,DIACHILIENLAC,SDT) values ('64','Ardine Moland','Male',1994,'09 Lakewood Gardens Lane','204-906-3868');
Insert into SYSTEM.BENHNHAN (MAKHAMBENH,TEN,GIOITINH,NAMSINH,DIACHILIENLAC,SDT) values ('65','Tynan Mosconi','Female',1993,'79920 Arizona Road','364-359-7616');
Insert into SYSTEM.BENHNHAN (MAKHAMBENH,TEN,GIOITINH,NAMSINH,DIACHILIENLAC,SDT) values ('66','Matilde McGookin','Female',1986,'203 Portage Parkway','593-481-2437');
Insert into SYSTEM.BENHNHAN (MAKHAMBENH,TEN,GIOITINH,NAMSINH,DIACHILIENLAC,SDT) values ('67','Colas Rapaport','Male',1984,'2 Roth Street','664-288-6330');
Insert into SYSTEM.BENHNHAN (MAKHAMBENH,TEN,GIOITINH,NAMSINH,DIACHILIENLAC,SDT) values ('68','Devonna Pauwel','Female',1981,'68369 Mcguire Hill','821-870-3796');
Insert into SYSTEM.BENHNHAN (MAKHAMBENH,TEN,GIOITINH,NAMSINH,DIACHILIENLAC,SDT) values ('69','Angel Comello','Male',1991,'106 Loftsgordon Junction','773-402-8530');
Insert into SYSTEM.BENHNHAN (MAKHAMBENH,TEN,GIOITINH,NAMSINH,DIACHILIENLAC,SDT) values ('70','Gerrard Neachell','Female',1992,'4 Fairview Avenue','630-198-3806');
Insert into SYSTEM.BENHNHAN (MAKHAMBENH,TEN,GIOITINH,NAMSINH,DIACHILIENLAC,SDT) values ('71','Bird Lethebridge','Female',1993,'9520 Debs Point','276-681-5233');
Insert into SYSTEM.BENHNHAN (MAKHAMBENH,TEN,GIOITINH,NAMSINH,DIACHILIENLAC,SDT) values ('1','Wood Jacobbe','Female',1983,'34 Vermont Point','195-650-0120');
Insert into SYSTEM.BENHNHAN (MAKHAMBENH,TEN,GIOITINH,NAMSINH,DIACHILIENLAC,SDT) values ('2','Dillon Doohey','Male',1991,'1954 Sage Plaza','272-887-2990');
Insert into SYSTEM.BENHNHAN (MAKHAMBENH,TEN,GIOITINH,NAMSINH,DIACHILIENLAC,SDT) values ('3','Kaitlin Ewin','Male',1980,'0 Loomis Circle','388-359-9152');
Insert into SYSTEM.BENHNHAN (MAKHAMBENH,TEN,GIOITINH,NAMSINH,DIACHILIENLAC,SDT) values ('4','Willi Hedney','Female',1983,'56860 Schurz Hill','740-481-3764');
Insert into SYSTEM.BENHNHAN (MAKHAMBENH,TEN,GIOITINH,NAMSINH,DIACHILIENLAC,SDT) values ('5','Siegfried Whorlton','Female',2001,'2340 Nelson Alley','121-832-7748');
Insert into SYSTEM.BENHNHAN (MAKHAMBENH,TEN,GIOITINH,NAMSINH,DIACHILIENLAC,SDT) values ('6','Lorinda Quincee','Female',1993,'50223 Huxley Junction','227-270-6055');
Insert into SYSTEM.BENHNHAN (MAKHAMBENH,TEN,GIOITINH,NAMSINH,DIACHILIENLAC,SDT) values ('7','Erina Goulborn','Female',1987,'3 Stone Corner Crossing','422-576-1504');
Insert into SYSTEM.BENHNHAN (MAKHAMBENH,TEN,GIOITINH,NAMSINH,DIACHILIENLAC,SDT) values ('8','Tobit Cosstick','Female',1990,'8258 Kropf Parkway','943-589-8527');
Insert into SYSTEM.BENHNHAN (MAKHAMBENH,TEN,GIOITINH,NAMSINH,DIACHILIENLAC,SDT) values ('9','Hobie Spinetti','Female',1980,'0762 Fulton Pass','298-938-6482');
Insert into SYSTEM.BENHNHAN (MAKHAMBENH,TEN,GIOITINH,NAMSINH,DIACHILIENLAC,SDT) values ('10','Charlene Craigie','Male',1996,'0659 Karstens Point','410-313-0914');
Insert into SYSTEM.BENHNHAN (MAKHAMBENH,TEN,GIOITINH,NAMSINH,DIACHILIENLAC,SDT) values ('11','Enrica Naisby','Male',1984,'04 Bashford Avenue','526-124-5040');
Insert into SYSTEM.BENHNHAN (MAKHAMBENH,TEN,GIOITINH,NAMSINH,DIACHILIENLAC,SDT) values ('12','Sunny Smickle','Male',1993,'585 Dixon Crossing','792-611-9690');
Insert into SYSTEM.BENHNHAN (MAKHAMBENH,TEN,GIOITINH,NAMSINH,DIACHILIENLAC,SDT) values ('13','Carolee Corser','Female',1999,'83471 Pearson Place','137-740-4451');
Insert into SYSTEM.BENHNHAN (MAKHAMBENH,TEN,GIOITINH,NAMSINH,DIACHILIENLAC,SDT) values ('14','Tedie McCaig','Male',2001,'26277 Dapin Center','432-247-4719');
Insert into SYSTEM.BENHNHAN (MAKHAMBENH,TEN,GIOITINH,NAMSINH,DIACHILIENLAC,SDT) values ('15','Tiffani Colthard','Male',1992,'09 Carpenter Pass','106-246-6836');
Insert into SYSTEM.BENHNHAN (MAKHAMBENH,TEN,GIOITINH,NAMSINH,DIACHILIENLAC,SDT) values ('16','Stephanus Duffyn','Female',1994,'32453 Lakeland Parkway','335-146-0568');
Insert into SYSTEM.BENHNHAN (MAKHAMBENH,TEN,GIOITINH,NAMSINH,DIACHILIENLAC,SDT) values ('17','Selma Swayton','Male',1980,'787 4th Street','897-310-2844');
Insert into SYSTEM.BENHNHAN (MAKHAMBENH,TEN,GIOITINH,NAMSINH,DIACHILIENLAC,SDT) values ('18','Kimmi Stanyforth','Female',1981,'6166 Marcy Circle','441-819-9919');
Insert into SYSTEM.BENHNHAN (MAKHAMBENH,TEN,GIOITINH,NAMSINH,DIACHILIENLAC,SDT) values ('19','Marissa Morrallee','Female',1995,'46 Alpine Alley','644-154-5778');
Insert into SYSTEM.BENHNHAN (MAKHAMBENH,TEN,GIOITINH,NAMSINH,DIACHILIENLAC,SDT) values ('20','Orlando Sidnell','Female',1997,'45 Melvin Court','781-288-8238');
Insert into SYSTEM.BENHNHAN (MAKHAMBENH,TEN,GIOITINH,NAMSINH,DIACHILIENLAC,SDT) values ('21','Niki Laste','Male',2002,'0 Hanson Center','413-472-3648');
Insert into SYSTEM.BENHNHAN (MAKHAMBENH,TEN,GIOITINH,NAMSINH,DIACHILIENLAC,SDT) values ('22','Timothy Bruckstein','Female',1998,'0050 Forest Run Trail','139-462-2115');
Insert into SYSTEM.BENHNHAN (MAKHAMBENH,TEN,GIOITINH,NAMSINH,DIACHILIENLAC,SDT) values ('23','Flemming Gerkens','Male',1995,'87 Loftsgordon Road','323-967-6423');
Insert into SYSTEM.BENHNHAN (MAKHAMBENH,TEN,GIOITINH,NAMSINH,DIACHILIENLAC,SDT) values ('24','Daisy Fewlass','Male',1981,'4 5th Pass','825-673-7141');
Insert into SYSTEM.BENHNHAN (MAKHAMBENH,TEN,GIOITINH,NAMSINH,DIACHILIENLAC,SDT) values ('25','Say Wateridge','Male',1988,'007 Wayridge Way','134-572-4516');
Insert into SYSTEM.BENHNHAN (MAKHAMBENH,TEN,GIOITINH,NAMSINH,DIACHILIENLAC,SDT) values ('26','Tine Kightly','Female',1995,'75657 Sommers Crossing','717-285-0311');
Insert into SYSTEM.BENHNHAN (MAKHAMBENH,TEN,GIOITINH,NAMSINH,DIACHILIENLAC,SDT) values ('27','Hillie Silkstone','Female',2000,'55 Graedel Junction','553-933-0459');
Insert into SYSTEM.BENHNHAN (MAKHAMBENH,TEN,GIOITINH,NAMSINH,DIACHILIENLAC,SDT) values ('28','Salim Burel','Female',1984,'3136 Logan Road','692-518-9972');
Insert into SYSTEM.BENHNHAN (MAKHAMBENH,TEN,GIOITINH,NAMSINH,DIACHILIENLAC,SDT) values ('29','Findley Jillitt','Female',1999,'06 Meadow Valley Street','159-777-0470');
Insert into SYSTEM.BENHNHAN (MAKHAMBENH,TEN,GIOITINH,NAMSINH,DIACHILIENLAC,SDT) values ('30','Lorry Staples','Male',2001,'14224 Forest Run Center','459-668-0677');
Insert into SYSTEM.BENHNHAN (MAKHAMBENH,TEN,GIOITINH,NAMSINH,DIACHILIENLAC,SDT) values ('31','Katharyn Bakes','Male',1985,'96 Randy Junction','227-480-7138');
Insert into SYSTEM.BENHNHAN (MAKHAMBENH,TEN,GIOITINH,NAMSINH,DIACHILIENLAC,SDT) values ('32','Delilah Folkerts','Female',1984,'505 Superior Pass','386-369-0980');
Insert into SYSTEM.BENHNHAN (MAKHAMBENH,TEN,GIOITINH,NAMSINH,DIACHILIENLAC,SDT) values ('33','Alasteir Motion','Female',1990,'31564 Ruskin Avenue','377-134-1188');
Insert into SYSTEM.BENHNHAN (MAKHAMBENH,TEN,GIOITINH,NAMSINH,DIACHILIENLAC,SDT) values ('34','Robbie Fauguel','Male',1983,'6 Upham Hill','347-139-0773');
Insert into SYSTEM.BENHNHAN (MAKHAMBENH,TEN,GIOITINH,NAMSINH,DIACHILIENLAC,SDT) values ('35','Barde Groomebridge','Female',1984,'527 Beilfuss Court','122-434-3558');
Insert into SYSTEM.BENHNHAN (MAKHAMBENH,TEN,GIOITINH,NAMSINH,DIACHILIENLAC,SDT) values ('36','Chuck Heynel','Female',1999,'1 Schurz Terrace','203-812-8778');
Insert into SYSTEM.BENHNHAN (MAKHAMBENH,TEN,GIOITINH,NAMSINH,DIACHILIENLAC,SDT) values ('37','Cirillo Ansteys','Female',1994,'2 Mallard Lane','237-395-1502');
Insert into SYSTEM.BENHNHAN (MAKHAMBENH,TEN,GIOITINH,NAMSINH,DIACHILIENLAC,SDT) values ('38','Tedi Wressell','Male',1993,'88508 Mcguire Alley','856-660-2601');
Insert into SYSTEM.BENHNHAN (MAKHAMBENH,TEN,GIOITINH,NAMSINH,DIACHILIENLAC,SDT) values ('39','Hendrik Dooly','Male',2001,'56 Claremont Hill','395-789-8503');
Insert into SYSTEM.BENHNHAN (MAKHAMBENH,TEN,GIOITINH,NAMSINH,DIACHILIENLAC,SDT) values ('40','Eberto Faircloth','Female',1980,'72 Hovde Lane','662-592-3207');
Insert into SYSTEM.BENHNHAN (MAKHAMBENH,TEN,GIOITINH,NAMSINH,DIACHILIENLAC,SDT) values ('41','Nonna Bridat','Male',1986,'3 Sunfield Court','700-271-9172');
Insert into SYSTEM.BENHNHAN (MAKHAMBENH,TEN,GIOITINH,NAMSINH,DIACHILIENLAC,SDT) values ('42','Richy Parlatt','Male',1987,'9560 East Parkway','732-995-3973');
Insert into SYSTEM.BENHNHAN (MAKHAMBENH,TEN,GIOITINH,NAMSINH,DIACHILIENLAC,SDT) values ('43','Raychel Pudner','Female',1989,'9 Cottonwood Center','860-113-0414');
Insert into SYSTEM.BENHNHAN (MAKHAMBENH,TEN,GIOITINH,NAMSINH,DIACHILIENLAC,SDT) values ('44','Jesus Portch','Female',1992,'13978 Fieldstone Park','775-259-9890');
Insert into SYSTEM.BENHNHAN (MAKHAMBENH,TEN,GIOITINH,NAMSINH,DIACHILIENLAC,SDT) values ('45','Angie Nulty','Male',1994,'44069 Birchwood Junction','449-550-2009');
Insert into SYSTEM.BENHNHAN (MAKHAMBENH,TEN,GIOITINH,NAMSINH,DIACHILIENLAC,SDT) values ('46','Del Issit','Male',1986,'28 Red Cloud Parkway','359-529-2327');
REM INSERTING into SYSTEM.BOPHAN
SET DEFINE OFF;
Insert into SYSTEM.BOPHAN (MABP,TENBP,DIACHILL,SDT) values ('QLTN','Quan Ly Tai Nguyen','Phong 101','19008198');
Insert into SYSTEM.BOPHAN (MABP,TENBP,DIACHILL,SDT) values ('QLNS','Quan Ly Nhan Su','Phong 102','19008199');
Insert into SYSTEM.BOPHAN (MABP,TENBP,DIACHILL,SDT) values ('QLTV','Quan Ly Tai Vu','Phong 103','19008200');
Insert into SYSTEM.BOPHAN (MABP,TENBP,DIACHILL,SDT) values ('TTDP','Tiep Tan Va Dieu Phoi','Phong 104','19008201');
Insert into SYSTEM.BOPHAN (MABP,TENBP,DIACHILL,SDT) values ('BT','Ban Thuoc','Phong 105','19008202');
Insert into SYSTEM.BOPHAN (MABP,TENBP,DIACHILL,SDT) values ('KT','Ke Toan','Phong 106','19008203');
REM INSERTING into SYSTEM.CATRUC
SET DEFINE OFF;
Insert into SYSTEM.CATRUC (MACATRUC,THOIGIANBATDAU,THOIGIANKETTHUC,CATHU) values ('1',to_date('01-JAN-21','DD-MON-RR'),to_date('01-APR-21','DD-MON-RR'),1);
Insert into SYSTEM.CATRUC (MACATRUC,THOIGIANBATDAU,THOIGIANKETTHUC,CATHU) values ('2',to_date('01-APR-21','DD-MON-RR'),to_date('01-APR-21','DD-MON-RR'),2);
Insert into SYSTEM.CATRUC (MACATRUC,THOIGIANBATDAU,THOIGIANKETTHUC,CATHU) values ('3',to_date('01-APR-21','DD-MON-RR'),to_date('01-APR-21','DD-MON-RR'),3);
REM INSERTING into SYSTEM.CHAMCONG
SET DEFINE OFF;
Insert into SYSTEM.CHAMCONG (MANV,THANG,NAM,SONGAYCONG,SONGAYCONGQUYDINH) values ('NV00034',1,2021,18,14);
Insert into SYSTEM.CHAMCONG (MANV,THANG,NAM,SONGAYCONG,SONGAYCONGQUYDINH) values ('NV00034',2,2021,11,21);
Insert into SYSTEM.CHAMCONG (MANV,THANG,NAM,SONGAYCONG,SONGAYCONGQUYDINH) values ('NV00043',1,2021,2,14);
Insert into SYSTEM.CHAMCONG (MANV,THANG,NAM,SONGAYCONG,SONGAYCONGQUYDINH) values ('NV00043',2,2021,22,14);
Insert into SYSTEM.CHAMCONG (MANV,THANG,NAM,SONGAYCONG,SONGAYCONGQUYDINH) values ('NV00068',1,2021,5,30);
Insert into SYSTEM.CHAMCONG (MANV,THANG,NAM,SONGAYCONG,SONGAYCONGQUYDINH) values ('NV00113',1,2021,1,21);
Insert into SYSTEM.CHAMCONG (MANV,THANG,NAM,SONGAYCONG,SONGAYCONGQUYDINH) values ('NV00172',1,2021,22,14);
Insert into SYSTEM.CHAMCONG (MANV,THANG,NAM,SONGAYCONG,SONGAYCONGQUYDINH) values ('NV00197',1,2021,24,21);
Insert into SYSTEM.CHAMCONG (MANV,THANG,NAM,SONGAYCONG,SONGAYCONGQUYDINH) values ('NV00197',2,2021,17,14);
Insert into SYSTEM.CHAMCONG (MANV,THANG,NAM,SONGAYCONG,SONGAYCONGQUYDINH) values ('NV00197',3,2021,9,30);
Insert into SYSTEM.CHAMCONG (MANV,THANG,NAM,SONGAYCONG,SONGAYCONGQUYDINH) values ('NV00202',1,2021,13,14);
Insert into SYSTEM.CHAMCONG (MANV,THANG,NAM,SONGAYCONG,SONGAYCONGQUYDINH) values ('NV00202',2,2021,11,21);
Insert into SYSTEM.CHAMCONG (MANV,THANG,NAM,SONGAYCONG,SONGAYCONGQUYDINH) values ('NV00202',3,2021,25,21);
Insert into SYSTEM.CHAMCONG (MANV,THANG,NAM,SONGAYCONG,SONGAYCONGQUYDINH) values ('NV00252',1,2021,22,21);
Insert into SYSTEM.CHAMCONG (MANV,THANG,NAM,SONGAYCONG,SONGAYCONGQUYDINH) values ('NV00277',1,2021,20,14);
Insert into SYSTEM.CHAMCONG (MANV,THANG,NAM,SONGAYCONG,SONGAYCONGQUYDINH) values ('NV00277',2,2021,1,30);
Insert into SYSTEM.CHAMCONG (MANV,THANG,NAM,SONGAYCONG,SONGAYCONGQUYDINH) values ('NV00277',3,2021,30,21);
Insert into SYSTEM.CHAMCONG (MANV,THANG,NAM,SONGAYCONG,SONGAYCONGQUYDINH) values ('NV00277',4,2021,17,14);
Insert into SYSTEM.CHAMCONG (MANV,THANG,NAM,SONGAYCONG,SONGAYCONGQUYDINH) values ('NV00287',1,2021,8,14);
Insert into SYSTEM.CHAMCONG (MANV,THANG,NAM,SONGAYCONG,SONGAYCONGQUYDINH) values ('NV00287',2,2021,11,30);
Insert into SYSTEM.CHAMCONG (MANV,THANG,NAM,SONGAYCONG,SONGAYCONGQUYDINH) values ('NV00296',1,2021,31,30);
Insert into SYSTEM.CHAMCONG (MANV,THANG,NAM,SONGAYCONG,SONGAYCONGQUYDINH) values ('NV00296',2,2021,8,21);
Insert into SYSTEM.CHAMCONG (MANV,THANG,NAM,SONGAYCONG,SONGAYCONGQUYDINH) values ('NV00296',3,2021,7,14);
Insert into SYSTEM.CHAMCONG (MANV,THANG,NAM,SONGAYCONG,SONGAYCONGQUYDINH) values ('NV00296',4,2021,7,30);
Insert into SYSTEM.CHAMCONG (MANV,THANG,NAM,SONGAYCONG,SONGAYCONGQUYDINH) values ('NV00296',5,2021,9,30);
Insert into SYSTEM.CHAMCONG (MANV,THANG,NAM,SONGAYCONG,SONGAYCONGQUYDINH) values ('NV00334',1,2021,19,14);
Insert into SYSTEM.CHAMCONG (MANV,THANG,NAM,SONGAYCONG,SONGAYCONGQUYDINH) values ('NV00334',2,2021,10,14);
Insert into SYSTEM.CHAMCONG (MANV,THANG,NAM,SONGAYCONG,SONGAYCONGQUYDINH) values ('NV00334',3,2021,19,14);
Insert into SYSTEM.CHAMCONG (MANV,THANG,NAM,SONGAYCONG,SONGAYCONGQUYDINH) values ('NV00334',4,2021,13,30);
Insert into SYSTEM.CHAMCONG (MANV,THANG,NAM,SONGAYCONG,SONGAYCONGQUYDINH) values ('NV00335',1,2021,8,21);
Insert into SYSTEM.CHAMCONG (MANV,THANG,NAM,SONGAYCONG,SONGAYCONGQUYDINH) values ('NV00342',1,2021,31,30);
Insert into SYSTEM.CHAMCONG (MANV,THANG,NAM,SONGAYCONG,SONGAYCONGQUYDINH) values ('NV00342',2,2021,2,30);
Insert into SYSTEM.CHAMCONG (MANV,THANG,NAM,SONGAYCONG,SONGAYCONGQUYDINH) values ('NV00397',1,2021,9,21);
Insert into SYSTEM.CHAMCONG (MANV,THANG,NAM,SONGAYCONG,SONGAYCONGQUYDINH) values ('NV00397',2,2021,14,14);
Insert into SYSTEM.CHAMCONG (MANV,THANG,NAM,SONGAYCONG,SONGAYCONGQUYDINH) values ('NV00397',3,2021,4,14);
Insert into SYSTEM.CHAMCONG (MANV,THANG,NAM,SONGAYCONG,SONGAYCONGQUYDINH) values ('NV00397',4,2021,3,14);
Insert into SYSTEM.CHAMCONG (MANV,THANG,NAM,SONGAYCONG,SONGAYCONGQUYDINH) values ('NV00416',1,2021,29,30);
Insert into SYSTEM.CHAMCONG (MANV,THANG,NAM,SONGAYCONG,SONGAYCONGQUYDINH) values ('NV00455',1,2021,18,30);
Insert into SYSTEM.CHAMCONG (MANV,THANG,NAM,SONGAYCONG,SONGAYCONGQUYDINH) values ('NV00455',2,2021,10,14);
Insert into SYSTEM.CHAMCONG (MANV,THANG,NAM,SONGAYCONG,SONGAYCONGQUYDINH) values ('NV00461',1,2021,1,30);
Insert into SYSTEM.CHAMCONG (MANV,THANG,NAM,SONGAYCONG,SONGAYCONGQUYDINH) values ('NV00461',2,2021,5,14);
Insert into SYSTEM.CHAMCONG (MANV,THANG,NAM,SONGAYCONG,SONGAYCONGQUYDINH) values ('NV00469',1,2021,5,30);
Insert into SYSTEM.CHAMCONG (MANV,THANG,NAM,SONGAYCONG,SONGAYCONGQUYDINH) values ('NV00469',2,2021,6,21);
Insert into SYSTEM.CHAMCONG (MANV,THANG,NAM,SONGAYCONG,SONGAYCONGQUYDINH) values ('NV00469',3,2021,31,30);
Insert into SYSTEM.CHAMCONG (MANV,THANG,NAM,SONGAYCONG,SONGAYCONGQUYDINH) values ('NV00501',1,2021,30,30);
Insert into SYSTEM.CHAMCONG (MANV,THANG,NAM,SONGAYCONG,SONGAYCONGQUYDINH) values ('NV00501',2,2021,31,30);
Insert into SYSTEM.CHAMCONG (MANV,THANG,NAM,SONGAYCONG,SONGAYCONGQUYDINH) values ('NV00515',1,2021,12,21);
Insert into SYSTEM.CHAMCONG (MANV,THANG,NAM,SONGAYCONG,SONGAYCONGQUYDINH) values ('NV00515',2,2021,4,21);
Insert into SYSTEM.CHAMCONG (MANV,THANG,NAM,SONGAYCONG,SONGAYCONGQUYDINH) values ('NV00529',1,2021,25,14);
Insert into SYSTEM.CHAMCONG (MANV,THANG,NAM,SONGAYCONG,SONGAYCONGQUYDINH) values ('NV00529',2,2021,18,30);
Insert into SYSTEM.CHAMCONG (MANV,THANG,NAM,SONGAYCONG,SONGAYCONGQUYDINH) values ('NV00542',1,2021,20,21);
Insert into SYSTEM.CHAMCONG (MANV,THANG,NAM,SONGAYCONG,SONGAYCONGQUYDINH) values ('NV00542',2,2021,18,21);
Insert into SYSTEM.CHAMCONG (MANV,THANG,NAM,SONGAYCONG,SONGAYCONGQUYDINH) values ('NV00553',1,2021,17,14);
Insert into SYSTEM.CHAMCONG (MANV,THANG,NAM,SONGAYCONG,SONGAYCONGQUYDINH) values ('NV00553',2,2021,27,30);
Insert into SYSTEM.CHAMCONG (MANV,THANG,NAM,SONGAYCONG,SONGAYCONGQUYDINH) values ('NV00553',3,2021,14,14);
Insert into SYSTEM.CHAMCONG (MANV,THANG,NAM,SONGAYCONG,SONGAYCONGQUYDINH) values ('NV00584',1,2021,31,30);
Insert into SYSTEM.CHAMCONG (MANV,THANG,NAM,SONGAYCONG,SONGAYCONGQUYDINH) values ('NV00584',2,2021,4,21);
Insert into SYSTEM.CHAMCONG (MANV,THANG,NAM,SONGAYCONG,SONGAYCONGQUYDINH) values ('NV00584',3,2021,21,21);
Insert into SYSTEM.CHAMCONG (MANV,THANG,NAM,SONGAYCONG,SONGAYCONGQUYDINH) values ('NV00584',4,2021,19,21);
Insert into SYSTEM.CHAMCONG (MANV,THANG,NAM,SONGAYCONG,SONGAYCONGQUYDINH) values ('NV00584',5,2021,9,14);
Insert into SYSTEM.CHAMCONG (MANV,THANG,NAM,SONGAYCONG,SONGAYCONGQUYDINH) values ('NV00585',1,2021,1,14);
Insert into SYSTEM.CHAMCONG (MANV,THANG,NAM,SONGAYCONG,SONGAYCONGQUYDINH) values ('NV00585',2,2021,5,21);
Insert into SYSTEM.CHAMCONG (MANV,THANG,NAM,SONGAYCONG,SONGAYCONGQUYDINH) values ('NV00597',1,2021,20,30);
Insert into SYSTEM.CHAMCONG (MANV,THANG,NAM,SONGAYCONG,SONGAYCONGQUYDINH) values ('NV00606',1,2021,20,30);
Insert into SYSTEM.CHAMCONG (MANV,THANG,NAM,SONGAYCONG,SONGAYCONGQUYDINH) values ('NV00606',2,2021,18,30);
Insert into SYSTEM.CHAMCONG (MANV,THANG,NAM,SONGAYCONG,SONGAYCONGQUYDINH) values ('NV00606',3,2021,9,14);
Insert into SYSTEM.CHAMCONG (MANV,THANG,NAM,SONGAYCONG,SONGAYCONGQUYDINH) values ('NV00613',1,2021,26,14);
Insert into SYSTEM.CHAMCONG (MANV,THANG,NAM,SONGAYCONG,SONGAYCONGQUYDINH) values ('NV00613',2,2021,18,14);
Insert into SYSTEM.CHAMCONG (MANV,THANG,NAM,SONGAYCONG,SONGAYCONGQUYDINH) values ('NV00613',3,2021,2,30);
Insert into SYSTEM.CHAMCONG (MANV,THANG,NAM,SONGAYCONG,SONGAYCONGQUYDINH) values ('NV00622',1,2021,15,30);
Insert into SYSTEM.CHAMCONG (MANV,THANG,NAM,SONGAYCONG,SONGAYCONGQUYDINH) values ('NV00622',2,2021,21,21);
Insert into SYSTEM.CHAMCONG (MANV,THANG,NAM,SONGAYCONG,SONGAYCONGQUYDINH) values ('NV00622',3,2021,18,30);
Insert into SYSTEM.CHAMCONG (MANV,THANG,NAM,SONGAYCONG,SONGAYCONGQUYDINH) values ('NV00622',4,2021,28,14);
Insert into SYSTEM.CHAMCONG (MANV,THANG,NAM,SONGAYCONG,SONGAYCONGQUYDINH) values ('NV00622',5,2021,25,30);
Insert into SYSTEM.CHAMCONG (MANV,THANG,NAM,SONGAYCONG,SONGAYCONGQUYDINH) values ('NV00659',1,2021,8,30);
Insert into SYSTEM.CHAMCONG (MANV,THANG,NAM,SONGAYCONG,SONGAYCONGQUYDINH) values ('NV00661',1,2021,22,14);
Insert into SYSTEM.CHAMCONG (MANV,THANG,NAM,SONGAYCONG,SONGAYCONGQUYDINH) values ('NV00661',2,2021,13,21);
Insert into SYSTEM.CHAMCONG (MANV,THANG,NAM,SONGAYCONG,SONGAYCONGQUYDINH) values ('NV00691',1,2021,15,21);
Insert into SYSTEM.CHAMCONG (MANV,THANG,NAM,SONGAYCONG,SONGAYCONGQUYDINH) values ('NV00691',2,2021,29,14);
Insert into SYSTEM.CHAMCONG (MANV,THANG,NAM,SONGAYCONG,SONGAYCONGQUYDINH) values ('NV00691',3,2021,10,14);
Insert into SYSTEM.CHAMCONG (MANV,THANG,NAM,SONGAYCONG,SONGAYCONGQUYDINH) values ('NV00691',4,2021,1,14);
Insert into SYSTEM.CHAMCONG (MANV,THANG,NAM,SONGAYCONG,SONGAYCONGQUYDINH) values ('NV00732',1,2021,5,14);
Insert into SYSTEM.CHAMCONG (MANV,THANG,NAM,SONGAYCONG,SONGAYCONGQUYDINH) values ('NV00762',1,2021,23,14);
Insert into SYSTEM.CHAMCONG (MANV,THANG,NAM,SONGAYCONG,SONGAYCONGQUYDINH) values ('NV00762',2,2021,25,21);
Insert into SYSTEM.CHAMCONG (MANV,THANG,NAM,SONGAYCONG,SONGAYCONGQUYDINH) values ('NV00775',1,2021,9,14);
Insert into SYSTEM.CHAMCONG (MANV,THANG,NAM,SONGAYCONG,SONGAYCONGQUYDINH) values ('NV00775',2,2021,12,21);
Insert into SYSTEM.CHAMCONG (MANV,THANG,NAM,SONGAYCONG,SONGAYCONGQUYDINH) values ('NV00780',1,2021,22,21);
Insert into SYSTEM.CHAMCONG (MANV,THANG,NAM,SONGAYCONG,SONGAYCONGQUYDINH) values ('NV00826',1,2021,16,14);
Insert into SYSTEM.CHAMCONG (MANV,THANG,NAM,SONGAYCONG,SONGAYCONGQUYDINH) values ('NV00835',1,2021,15,14);
Insert into SYSTEM.CHAMCONG (MANV,THANG,NAM,SONGAYCONG,SONGAYCONGQUYDINH) values ('NV00835',2,2021,31,21);
Insert into SYSTEM.CHAMCONG (MANV,THANG,NAM,SONGAYCONG,SONGAYCONGQUYDINH) values ('NV00835',3,2021,14,21);
Insert into SYSTEM.CHAMCONG (MANV,THANG,NAM,SONGAYCONG,SONGAYCONGQUYDINH) values ('NV00869',1,2021,18,14);
Insert into SYSTEM.CHAMCONG (MANV,THANG,NAM,SONGAYCONG,SONGAYCONGQUYDINH) values ('NV00912',1,2021,25,30);
Insert into SYSTEM.CHAMCONG (MANV,THANG,NAM,SONGAYCONG,SONGAYCONGQUYDINH) values ('NV00953',1,2021,10,21);
Insert into SYSTEM.CHAMCONG (MANV,THANG,NAM,SONGAYCONG,SONGAYCONGQUYDINH) values ('NV00953',2,2021,18,21);
Insert into SYSTEM.CHAMCONG (MANV,THANG,NAM,SONGAYCONG,SONGAYCONGQUYDINH) values ('NV00953',3,2021,28,30);
Insert into SYSTEM.CHAMCONG (MANV,THANG,NAM,SONGAYCONG,SONGAYCONGQUYDINH) values ('NV00989',1,2021,8,21);
Insert into SYSTEM.CHAMCONG (MANV,THANG,NAM,SONGAYCONG,SONGAYCONGQUYDINH) values ('NV00989',2,2021,19,21);
Insert into SYSTEM.CHAMCONG (MANV,THANG,NAM,SONGAYCONG,SONGAYCONGQUYDINH) values ('NV00989',3,2021,2,30);
Insert into SYSTEM.CHAMCONG (MANV,THANG,NAM,SONGAYCONG,SONGAYCONGQUYDINH) values ('NV00989',4,2021,19,21);
REM INSERTING into SYSTEM.CT_DONTHUOC
SET DEFINE OFF;
Insert into SYSTEM.CT_DONTHUOC (MADONTHUOC,MATHUOC,LIEULUONG) values ('DT0361','55289-370',13);
Insert into SYSTEM.CT_DONTHUOC (MADONTHUOC,MATHUOC,LIEULUONG) values ('DT0361','0268-0821',19);
Insert into SYSTEM.CT_DONTHUOC (MADONTHUOC,MATHUOC,LIEULUONG) values ('DT0560','54868-3952',9);
Insert into SYSTEM.CT_DONTHUOC (MADONTHUOC,MATHUOC,LIEULUONG) values ('DT0560','0942-6470',17);
Insert into SYSTEM.CT_DONTHUOC (MADONTHUOC,MATHUOC,LIEULUONG) values ('DT0560','0942-6326',7);
Insert into SYSTEM.CT_DONTHUOC (MADONTHUOC,MATHUOC,LIEULUONG) values ('DT0736','36987-2352',17);
Insert into SYSTEM.CT_DONTHUOC (MADONTHUOC,MATHUOC,LIEULUONG) values ('DT0736','60512-6568',11);
Insert into SYSTEM.CT_DONTHUOC (MADONTHUOC,MATHUOC,LIEULUONG) values ('DT0736','0268-6761',11);
Insert into SYSTEM.CT_DONTHUOC (MADONTHUOC,MATHUOC,LIEULUONG) values ('DT0736','58118-0293',9);
Insert into SYSTEM.CT_DONTHUOC (MADONTHUOC,MATHUOC,LIEULUONG) values ('DT1695','42254-054',9);
Insert into SYSTEM.CT_DONTHUOC (MADONTHUOC,MATHUOC,LIEULUONG) values ('DT1695','25000-138',11);
Insert into SYSTEM.CT_DONTHUOC (MADONTHUOC,MATHUOC,LIEULUONG) values ('DT1944','51389-120',1);
Insert into SYSTEM.CT_DONTHUOC (MADONTHUOC,MATHUOC,LIEULUONG) values ('DT1944','0942-6326',9);
Insert into SYSTEM.CT_DONTHUOC (MADONTHUOC,MATHUOC,LIEULUONG) values ('DT2200','42254-054',15);
Insert into SYSTEM.CT_DONTHUOC (MADONTHUOC,MATHUOC,LIEULUONG) values ('DT3271','65162-679',17);
Insert into SYSTEM.CT_DONTHUOC (MADONTHUOC,MATHUOC,LIEULUONG) values ('DT3271','51346-050',17);
Insert into SYSTEM.CT_DONTHUOC (MADONTHUOC,MATHUOC,LIEULUONG) values ('DT3301','55289-370',5);
Insert into SYSTEM.CT_DONTHUOC (MADONTHUOC,MATHUOC,LIEULUONG) values ('DT3301','59779-889',6);
Insert into SYSTEM.CT_DONTHUOC (MADONTHUOC,MATHUOC,LIEULUONG) values ('DT3301','0573-0196',19);
Insert into SYSTEM.CT_DONTHUOC (MADONTHUOC,MATHUOC,LIEULUONG) values ('DT3419','65862-172',16);
Insert into SYSTEM.CT_DONTHUOC (MADONTHUOC,MATHUOC,LIEULUONG) values ('DT3419','55289-370',2);
Insert into SYSTEM.CT_DONTHUOC (MADONTHUOC,MATHUOC,LIEULUONG) values ('DT3419','37205-931',7);
Insert into SYSTEM.CT_DONTHUOC (MADONTHUOC,MATHUOC,LIEULUONG) values ('DT3419','58118-1812',14);
Insert into SYSTEM.CT_DONTHUOC (MADONTHUOC,MATHUOC,LIEULUONG) values ('DT3419','10210-0006',10);
Insert into SYSTEM.CT_DONTHUOC (MADONTHUOC,MATHUOC,LIEULUONG) values ('DT3723','0009-0331',20);
Insert into SYSTEM.CT_DONTHUOC (MADONTHUOC,MATHUOC,LIEULUONG) values ('DT3723','0409-4011',19);
Insert into SYSTEM.CT_DONTHUOC (MADONTHUOC,MATHUOC,LIEULUONG) values ('DT3758','50563-133',5);
Insert into SYSTEM.CT_DONTHUOC (MADONTHUOC,MATHUOC,LIEULUONG) values ('DT3758','0703-7023',9);
Insert into SYSTEM.CT_DONTHUOC (MADONTHUOC,MATHUOC,LIEULUONG) values ('DT3758','13537-101',7);
Insert into SYSTEM.CT_DONTHUOC (MADONTHUOC,MATHUOC,LIEULUONG) values ('DT3758','35356-958',13);
Insert into SYSTEM.CT_DONTHUOC (MADONTHUOC,MATHUOC,LIEULUONG) values ('DT4697','0781-5748',14);
Insert into SYSTEM.CT_DONTHUOC (MADONTHUOC,MATHUOC,LIEULUONG) values ('DT4697','0869-0211',18);
Insert into SYSTEM.CT_DONTHUOC (MADONTHUOC,MATHUOC,LIEULUONG) values ('DT4697','65862-118',10);
Insert into SYSTEM.CT_DONTHUOC (MADONTHUOC,MATHUOC,LIEULUONG) values ('DT5097','67510-0057',1);
Insert into SYSTEM.CT_DONTHUOC (MADONTHUOC,MATHUOC,LIEULUONG) values ('DT5097','0573-0196',5);
Insert into SYSTEM.CT_DONTHUOC (MADONTHUOC,MATHUOC,LIEULUONG) values ('DT5097','51389-120',2);
Insert into SYSTEM.CT_DONTHUOC (MADONTHUOC,MATHUOC,LIEULUONG) values ('DT5097','65162-679',17);
Insert into SYSTEM.CT_DONTHUOC (MADONTHUOC,MATHUOC,LIEULUONG) values ('DT5097','10812-321',12);
Insert into SYSTEM.CT_DONTHUOC (MADONTHUOC,MATHUOC,LIEULUONG) values ('DT5097','44911-0052',3);
Insert into SYSTEM.CT_DONTHUOC (MADONTHUOC,MATHUOC,LIEULUONG) values ('DT5224','36987-1067',6);
Insert into SYSTEM.CT_DONTHUOC (MADONTHUOC,MATHUOC,LIEULUONG) values ('DT5538','64720-132',6);
Insert into SYSTEM.CT_DONTHUOC (MADONTHUOC,MATHUOC,LIEULUONG) values ('DT5547','48951-8246',3);
Insert into SYSTEM.CT_DONTHUOC (MADONTHUOC,MATHUOC,LIEULUONG) values ('DT5547','0781-5275',12);
Insert into SYSTEM.CT_DONTHUOC (MADONTHUOC,MATHUOC,LIEULUONG) values ('DT5547','27505-004',6);
Insert into SYSTEM.CT_DONTHUOC (MADONTHUOC,MATHUOC,LIEULUONG) values ('DT5734','50436-3621',9);
Insert into SYSTEM.CT_DONTHUOC (MADONTHUOC,MATHUOC,LIEULUONG) values ('DT5956','0009-0331',20);
Insert into SYSTEM.CT_DONTHUOC (MADONTHUOC,MATHUOC,LIEULUONG) values ('DT5956','55289-370',5);
Insert into SYSTEM.CT_DONTHUOC (MADONTHUOC,MATHUOC,LIEULUONG) values ('DT5956','25000-138',5);
Insert into SYSTEM.CT_DONTHUOC (MADONTHUOC,MATHUOC,LIEULUONG) values ('DT6104','60681-1277',19);
Insert into SYSTEM.CT_DONTHUOC (MADONTHUOC,MATHUOC,LIEULUONG) values ('DT6104','68472-119',3);
Insert into SYSTEM.CT_DONTHUOC (MADONTHUOC,MATHUOC,LIEULUONG) values ('DT6104','0268-6643',14);
Insert into SYSTEM.CT_DONTHUOC (MADONTHUOC,MATHUOC,LIEULUONG) values ('DT6146','17630-2019',16);
Insert into SYSTEM.CT_DONTHUOC (MADONTHUOC,MATHUOC,LIEULUONG) values ('DT6146','63739-500',15);
Insert into SYSTEM.CT_DONTHUOC (MADONTHUOC,MATHUOC,LIEULUONG) values ('DT6146','50845-0045',16);
Insert into SYSTEM.CT_DONTHUOC (MADONTHUOC,MATHUOC,LIEULUONG) values ('DT6198','0135-0435',6);
Insert into SYSTEM.CT_DONTHUOC (MADONTHUOC,MATHUOC,LIEULUONG) values ('DT6198','49873-056',11);
Insert into SYSTEM.CT_DONTHUOC (MADONTHUOC,MATHUOC,LIEULUONG) values ('DT6436','0135-0435',15);
Insert into SYSTEM.CT_DONTHUOC (MADONTHUOC,MATHUOC,LIEULUONG) values ('DT6436','49349-639',14);
Insert into SYSTEM.CT_DONTHUOC (MADONTHUOC,MATHUOC,LIEULUONG) values ('DT6594','60681-1277',10);
Insert into SYSTEM.CT_DONTHUOC (MADONTHUOC,MATHUOC,LIEULUONG) values ('DT6863','36987-2168',9);
Insert into SYSTEM.CT_DONTHUOC (MADONTHUOC,MATHUOC,LIEULUONG) values ('DT6916','55758-007',8);
Insert into SYSTEM.CT_DONTHUOC (MADONTHUOC,MATHUOC,LIEULUONG) values ('DT7014','48951-1172',11);
Insert into SYSTEM.CT_DONTHUOC (MADONTHUOC,MATHUOC,LIEULUONG) values ('DT7102','57237-028',12);
Insert into SYSTEM.CT_DONTHUOC (MADONTHUOC,MATHUOC,LIEULUONG) values ('DT7102','0280-1159',4);
Insert into SYSTEM.CT_DONTHUOC (MADONTHUOC,MATHUOC,LIEULUONG) values ('DT7102','0942-6326',3);
Insert into SYSTEM.CT_DONTHUOC (MADONTHUOC,MATHUOC,LIEULUONG) values ('DT7228','0009-0331',3);
Insert into SYSTEM.CT_DONTHUOC (MADONTHUOC,MATHUOC,LIEULUONG) values ('DT7228','60512-6568',16);
Insert into SYSTEM.CT_DONTHUOC (MADONTHUOC,MATHUOC,LIEULUONG) values ('DT7228','52125-637',7);
Insert into SYSTEM.CT_DONTHUOC (MADONTHUOC,MATHUOC,LIEULUONG) values ('DT7228','0002-5800',1);
Insert into SYSTEM.CT_DONTHUOC (MADONTHUOC,MATHUOC,LIEULUONG) values ('DT7228','68428-093',8);
Insert into SYSTEM.CT_DONTHUOC (MADONTHUOC,MATHUOC,LIEULUONG) values ('DT7228','49035-224',4);
Insert into SYSTEM.CT_DONTHUOC (MADONTHUOC,MATHUOC,LIEULUONG) values ('DT7494','35356-958',9);
Insert into SYSTEM.CT_DONTHUOC (MADONTHUOC,MATHUOC,LIEULUONG) values ('DT7511','0942-6470',17);
Insert into SYSTEM.CT_DONTHUOC (MADONTHUOC,MATHUOC,LIEULUONG) values ('DT7511','63187-062',7);
Insert into SYSTEM.CT_DONTHUOC (MADONTHUOC,MATHUOC,LIEULUONG) values ('DT7511','54622-104',12);
Insert into SYSTEM.CT_DONTHUOC (MADONTHUOC,MATHUOC,LIEULUONG) values ('DT7511','55301-000',16);
Insert into SYSTEM.CT_DONTHUOC (MADONTHUOC,MATHUOC,LIEULUONG) values ('DT7653','64720-132',16);
Insert into SYSTEM.CT_DONTHUOC (MADONTHUOC,MATHUOC,LIEULUONG) values ('DT7653','36987-2352',10);
Insert into SYSTEM.CT_DONTHUOC (MADONTHUOC,MATHUOC,LIEULUONG) values ('DT7653','42783-601',15);
Insert into SYSTEM.CT_DONTHUOC (MADONTHUOC,MATHUOC,LIEULUONG) values ('DT7653','0268-0821',10);
Insert into SYSTEM.CT_DONTHUOC (MADONTHUOC,MATHUOC,LIEULUONG) values ('DT8129','36987-2168',5);
Insert into SYSTEM.CT_DONTHUOC (MADONTHUOC,MATHUOC,LIEULUONG) values ('DT8253','50201-0246',8);
Insert into SYSTEM.CT_DONTHUOC (MADONTHUOC,MATHUOC,LIEULUONG) values ('DT8253','0409-4011',3);
Insert into SYSTEM.CT_DONTHUOC (MADONTHUOC,MATHUOC,LIEULUONG) values ('DT8253','10812-321',11);
Insert into SYSTEM.CT_DONTHUOC (MADONTHUOC,MATHUOC,LIEULUONG) values ('DT8473','63187-062',11);
Insert into SYSTEM.CT_DONTHUOC (MADONTHUOC,MATHUOC,LIEULUONG) values ('DT9004','55758-007',10);
Insert into SYSTEM.CT_DONTHUOC (MADONTHUOC,MATHUOC,LIEULUONG) values ('DT9335','0869-0211',7);
Insert into SYSTEM.CT_DONTHUOC (MADONTHUOC,MATHUOC,LIEULUONG) values ('DT9335','0093-5787',10);
Insert into SYSTEM.CT_DONTHUOC (MADONTHUOC,MATHUOC,LIEULUONG) values ('DT9630','49349-639',2);
Insert into SYSTEM.CT_DONTHUOC (MADONTHUOC,MATHUOC,LIEULUONG) values ('DT9630','54868-3952',4);
Insert into SYSTEM.CT_DONTHUOC (MADONTHUOC,MATHUOC,LIEULUONG) values ('DT9665','13925-160',8);
Insert into SYSTEM.CT_DONTHUOC (MADONTHUOC,MATHUOC,LIEULUONG) values ('DT9830','65162-679',10);
Insert into SYSTEM.CT_DONTHUOC (MADONTHUOC,MATHUOC,LIEULUONG) values ('DT9830','0536-2425',12);
Insert into SYSTEM.CT_DONTHUOC (MADONTHUOC,MATHUOC,LIEULUONG) values ('DT9830','68151-0149',5);
Insert into SYSTEM.CT_DONTHUOC (MADONTHUOC,MATHUOC,LIEULUONG) values ('DT9830','67510-0057',5);
Insert into SYSTEM.CT_DONTHUOC (MADONTHUOC,MATHUOC,LIEULUONG) values ('DT9926','0268-0821',17);
Insert into SYSTEM.CT_DONTHUOC (MADONTHUOC,MATHUOC,LIEULUONG) values ('DT9926','58118-0293',13);
Insert into SYSTEM.CT_DONTHUOC (MADONTHUOC,MATHUOC,LIEULUONG) values ('DT9980','65862-172',10);
Insert into SYSTEM.CT_DONTHUOC (MADONTHUOC,MATHUOC,LIEULUONG) values ('DT9980','10210-0006',20);
Insert into SYSTEM.CT_DONTHUOC (MADONTHUOC,MATHUOC,LIEULUONG) values ('DT9980','49999-455',14);
REM INSERTING into SYSTEM.DONTHUOC
SET DEFINE OFF;
Insert into SYSTEM.DONTHUOC (MADONTHUOC,THOIGIANLAPDONTHUOC,MANV,MAHOADON) values ('DT0560',to_date('01-JAN-21','DD-MON-RR'),'NV00034','HD4696');
Insert into SYSTEM.DONTHUOC (MADONTHUOC,THOIGIANLAPDONTHUOC,MANV,MAHOADON) values ('DT9335',to_date('01-JAN-21','DD-MON-RR'),'NV00835',null);
Insert into SYSTEM.DONTHUOC (MADONTHUOC,THOIGIANLAPDONTHUOC,MANV,MAHOADON) values ('DT6436',to_date('01-JAN-21','DD-MON-RR'),'NV00835','HD3258');
Insert into SYSTEM.DONTHUOC (MADONTHUOC,THOIGIANLAPDONTHUOC,MANV,MAHOADON) values ('DT6198',to_date('01-JAN-21','DD-MON-RR'),'NV00034',null);
Insert into SYSTEM.DONTHUOC (MADONTHUOC,THOIGIANLAPDONTHUOC,MANV,MAHOADON) values ('DT7014',to_date('01-JAN-21','DD-MON-RR'),'NV00835','HD7938');
Insert into SYSTEM.DONTHUOC (MADONTHUOC,THOIGIANLAPDONTHUOC,MANV,MAHOADON) values ('DT2794',to_date('01-JAN-21','DD-MON-RR'),'NV00034','HD3331');
Insert into SYSTEM.DONTHUOC (MADONTHUOC,THOIGIANLAPDONTHUOC,MANV,MAHOADON) values ('DT5538',to_date('01-JAN-21','DD-MON-RR'),'NV00034',null);
Insert into SYSTEM.DONTHUOC (MADONTHUOC,THOIGIANLAPDONTHUOC,MANV,MAHOADON) values ('DT8129',to_date('01-JAN-21','DD-MON-RR'),'NV00835',null);
Insert into SYSTEM.DONTHUOC (MADONTHUOC,THOIGIANLAPDONTHUOC,MANV,MAHOADON) values ('DT6916',to_date('01-JAN-21','DD-MON-RR'),'NV00835','HD5346');
Insert into SYSTEM.DONTHUOC (MADONTHUOC,THOIGIANLAPDONTHUOC,MANV,MAHOADON) values ('DT9665',to_date('01-JAN-21','DD-MON-RR'),'NV00835',null);
Insert into SYSTEM.DONTHUOC (MADONTHUOC,THOIGIANLAPDONTHUOC,MANV,MAHOADON) values ('DT8253',to_date('01-JAN-21','DD-MON-RR'),'NV00835',null);
Insert into SYSTEM.DONTHUOC (MADONTHUOC,THOIGIANLAPDONTHUOC,MANV,MAHOADON) values ('DT5224',to_date('01-JAN-21','DD-MON-RR'),'NV00034',null);
Insert into SYSTEM.DONTHUOC (MADONTHUOC,THOIGIANLAPDONTHUOC,MANV,MAHOADON) values ('DT3271',to_date('01-JAN-21','DD-MON-RR'),'NV00034','HD8053');
Insert into SYSTEM.DONTHUOC (MADONTHUOC,THOIGIANLAPDONTHUOC,MANV,MAHOADON) values ('DT7511',to_date('01-JAN-21','DD-MON-RR'),'NV00835','HD7516');
Insert into SYSTEM.DONTHUOC (MADONTHUOC,THOIGIANLAPDONTHUOC,MANV,MAHOADON) values ('DT3419',to_date('01-JAN-21','DD-MON-RR'),'NV00034',null);
Insert into SYSTEM.DONTHUOC (MADONTHUOC,THOIGIANLAPDONTHUOC,MANV,MAHOADON) values ('DT5647',to_date('01-JAN-21','DD-MON-RR'),'NV00034',null);
Insert into SYSTEM.DONTHUOC (MADONTHUOC,THOIGIANLAPDONTHUOC,MANV,MAHOADON) values ('DT2200',to_date('01-JAN-21','DD-MON-RR'),'NV00034','HD5909');
Insert into SYSTEM.DONTHUOC (MADONTHUOC,THOIGIANLAPDONTHUOC,MANV,MAHOADON) values ('DT9980',to_date('01-JAN-21','DD-MON-RR'),'NV00835',null);
Insert into SYSTEM.DONTHUOC (MADONTHUOC,THOIGIANLAPDONTHUOC,MANV,MAHOADON) values ('DT4697',to_date('01-JAN-21','DD-MON-RR'),'NV00034',null);
Insert into SYSTEM.DONTHUOC (MADONTHUOC,THOIGIANLAPDONTHUOC,MANV,MAHOADON) values ('DT8473',to_date('01-JAN-21','DD-MON-RR'),'NV00835',null);
Insert into SYSTEM.DONTHUOC (MADONTHUOC,THOIGIANLAPDONTHUOC,MANV,MAHOADON) values ('DT9004',to_date('01-JAN-21','DD-MON-RR'),'NV00835',null);
Insert into SYSTEM.DONTHUOC (MADONTHUOC,THOIGIANLAPDONTHUOC,MANV,MAHOADON) values ('DT4534',to_date('01-JAN-21','DD-MON-RR'),'NV00034',null);
Insert into SYSTEM.DONTHUOC (MADONTHUOC,THOIGIANLAPDONTHUOC,MANV,MAHOADON) values ('DT6146',to_date('01-JAN-21','DD-MON-RR'),'NV00034',null);
Insert into SYSTEM.DONTHUOC (MADONTHUOC,THOIGIANLAPDONTHUOC,MANV,MAHOADON) values ('DT1695',to_date('01-JAN-21','DD-MON-RR'),'NV00034','HD5148');
Insert into SYSTEM.DONTHUOC (MADONTHUOC,THOIGIANLAPDONTHUOC,MANV,MAHOADON) values ('DT7228',to_date('01-JAN-21','DD-MON-RR'),'NV00835','HD3088');
Insert into SYSTEM.DONTHUOC (MADONTHUOC,THOIGIANLAPDONTHUOC,MANV,MAHOADON) values ('DT3758',to_date('01-JAN-21','DD-MON-RR'),'NV00034',null);
Insert into SYSTEM.DONTHUOC (MADONTHUOC,THOIGIANLAPDONTHUOC,MANV,MAHOADON) values ('DT6594',to_date('01-JAN-21','DD-MON-RR'),'NV00835','HD1221');
Insert into SYSTEM.DONTHUOC (MADONTHUOC,THOIGIANLAPDONTHUOC,MANV,MAHOADON) values ('DT3301',to_date('01-JAN-21','DD-MON-RR'),'NV00034',null);
Insert into SYSTEM.DONTHUOC (MADONTHUOC,THOIGIANLAPDONTHUOC,MANV,MAHOADON) values ('DT5956',to_date('01-JAN-21','DD-MON-RR'),'NV00034',null);
Insert into SYSTEM.DONTHUOC (MADONTHUOC,THOIGIANLAPDONTHUOC,MANV,MAHOADON) values ('DT2244',to_date('01-JAN-21','DD-MON-RR'),'NV00034','HD7205');
Insert into SYSTEM.DONTHUOC (MADONTHUOC,THOIGIANLAPDONTHUOC,MANV,MAHOADON) values ('DT0736',to_date('01-JAN-21','DD-MON-RR'),'NV00034','HD0535');
Insert into SYSTEM.DONTHUOC (MADONTHUOC,THOIGIANLAPDONTHUOC,MANV,MAHOADON) values ('DT9109',to_date('01-JAN-21','DD-MON-RR'),'NV00835',null);
Insert into SYSTEM.DONTHUOC (MADONTHUOC,THOIGIANLAPDONTHUOC,MANV,MAHOADON) values ('DT8885',to_date('01-JAN-21','DD-MON-RR'),'NV00835',null);
Insert into SYSTEM.DONTHUOC (MADONTHUOC,THOIGIANLAPDONTHUOC,MANV,MAHOADON) values ('DT0361',to_date('01-JAN-21','DD-MON-RR'),'NV00034','HD9525');
Insert into SYSTEM.DONTHUOC (MADONTHUOC,THOIGIANLAPDONTHUOC,MANV,MAHOADON) values ('DT5097',to_date('01-JAN-21','DD-MON-RR'),'NV00034',null);
Insert into SYSTEM.DONTHUOC (MADONTHUOC,THOIGIANLAPDONTHUOC,MANV,MAHOADON) values ('DT6152',to_date('01-JAN-21','DD-MON-RR'),'NV00034',null);
Insert into SYSTEM.DONTHUOC (MADONTHUOC,THOIGIANLAPDONTHUOC,MANV,MAHOADON) values ('DT3723',to_date('01-JAN-21','DD-MON-RR'),'NV00034',null);
Insert into SYSTEM.DONTHUOC (MADONTHUOC,THOIGIANLAPDONTHUOC,MANV,MAHOADON) values ('DT7653',to_date('01-JAN-21','DD-MON-RR'),'NV00835',null);
Insert into SYSTEM.DONTHUOC (MADONTHUOC,THOIGIANLAPDONTHUOC,MANV,MAHOADON) values ('DT7524',to_date('01-JAN-21','DD-MON-RR'),'NV00835',null);
Insert into SYSTEM.DONTHUOC (MADONTHUOC,THOIGIANLAPDONTHUOC,MANV,MAHOADON) values ('DT9926',to_date('01-JAN-21','DD-MON-RR'),'NV00835',null);
Insert into SYSTEM.DONTHUOC (MADONTHUOC,THOIGIANLAPDONTHUOC,MANV,MAHOADON) values ('DT7102',to_date('01-JAN-21','DD-MON-RR'),'NV00835','HD2841');
Insert into SYSTEM.DONTHUOC (MADONTHUOC,THOIGIANLAPDONTHUOC,MANV,MAHOADON) values ('DT9630',to_date('01-JAN-21','DD-MON-RR'),'NV00835',null);
Insert into SYSTEM.DONTHUOC (MADONTHUOC,THOIGIANLAPDONTHUOC,MANV,MAHOADON) values ('DT1944',to_date('01-JAN-21','DD-MON-RR'),'NV00034','HD8183');
Insert into SYSTEM.DONTHUOC (MADONTHUOC,THOIGIANLAPDONTHUOC,MANV,MAHOADON) values ('DT9830',to_date('01-JAN-21','DD-MON-RR'),'NV00835',null);
Insert into SYSTEM.DONTHUOC (MADONTHUOC,THOIGIANLAPDONTHUOC,MANV,MAHOADON) values ('DT6863',to_date('01-JAN-21','DD-MON-RR'),'NV00835','HD2359');
Insert into SYSTEM.DONTHUOC (MADONTHUOC,THOIGIANLAPDONTHUOC,MANV,MAHOADON) values ('DT6770',to_date('01-JAN-21','DD-MON-RR'),'NV00835','HD8896');
Insert into SYSTEM.DONTHUOC (MADONTHUOC,THOIGIANLAPDONTHUOC,MANV,MAHOADON) values ('DT5734',to_date('01-JAN-21','DD-MON-RR'),'NV00034',null);
Insert into SYSTEM.DONTHUOC (MADONTHUOC,THOIGIANLAPDONTHUOC,MANV,MAHOADON) values ('DT6104',to_date('01-JAN-21','DD-MON-RR'),'NV00034',null);
Insert into SYSTEM.DONTHUOC (MADONTHUOC,THOIGIANLAPDONTHUOC,MANV,MAHOADON) values ('DT5547',to_date('01-JAN-21','DD-MON-RR'),'NV00034',null);
Insert into SYSTEM.DONTHUOC (MADONTHUOC,THOIGIANLAPDONTHUOC,MANV,MAHOADON) values ('DT7494',to_date('01-JAN-21','DD-MON-RR'),'NV00835','HD2683');
REM INSERTING into SYSTEM.HOADON
SET DEFINE OFF;
Insert into SYSTEM.HOADON (MAHOADON,THOIGIANLAP,TONGTIEN,LOAIHOADON,MALICHSU,MANV) values ('HD7120',to_date('14-JAN-21','DD-MON-RR'),3000,'HD Kham chi dinh','LS8010','NV00613');
Insert into SYSTEM.HOADON (MAHOADON,THOIGIANLAP,TONGTIEN,LOAIHOADON,MALICHSU,MANV) values ('HD2156',to_date('30-NOV-20','DD-MON-RR'),11000,'Kham chuyen khoa','LS8010','NV00342');
Insert into SYSTEM.HOADON (MAHOADON,THOIGIANLAP,TONGTIEN,LOAIHOADON,MALICHSU,MANV) values ('HD8183',to_date('27-JUN-20','DD-MON-RR'),5000,'Thuoc','LS3552','NV00529');
Insert into SYSTEM.HOADON (MAHOADON,THOIGIANLAP,TONGTIEN,LOAIHOADON,MALICHSU,MANV) values ('HD5148',to_date('04-DEC-20','DD-MON-RR'),64000,'Thuoc','LS5839','NV00953');
Insert into SYSTEM.HOADON (MAHOADON,THOIGIANLAP,TONGTIEN,LOAIHOADON,MALICHSU,MANV) values ('HD5346',to_date('03-AUG-20','DD-MON-RR'),32000,'Thuoc','LS8108','NV00113');
Insert into SYSTEM.HOADON (MAHOADON,THOIGIANLAP,TONGTIEN,LOAIHOADON,MALICHSU,MANV) values ('HD9891',to_date('03-JAN-21','DD-MON-RR'),12000,'Kham chuyen khoa','LS8400','NV00515');
Insert into SYSTEM.HOADON (MAHOADON,THOIGIANLAP,TONGTIEN,LOAIHOADON,MALICHSU,MANV) values ('HD9835',to_date('23-OCT-20','DD-MON-RR'),13000,'Phau thuat','LS1015','NV00068');
Insert into SYSTEM.HOADON (MAHOADON,THOIGIANLAP,TONGTIEN,LOAIHOADON,MALICHSU,MANV) values ('HD9296',to_date('22-APR-20','DD-MON-RR'),39000,'HD Kham chi dinh','LS2543','NV00553');
Insert into SYSTEM.HOADON (MAHOADON,THOIGIANLAP,TONGTIEN,LOAIHOADON,MALICHSU,MANV) values ('HD0259',to_date('04-JUL-20','DD-MON-RR'),69000,'HD Kham chi dinh','LS7694','NV00613');
Insert into SYSTEM.HOADON (MAHOADON,THOIGIANLAP,TONGTIEN,LOAIHOADON,MALICHSU,MANV) values ('HD3220',to_date('21-AUG-20','DD-MON-RR'),33000,'Phau thuat','LS6250','NV00613');
Insert into SYSTEM.HOADON (MAHOADON,THOIGIANLAP,TONGTIEN,LOAIHOADON,MALICHSU,MANV) values ('HD6066',to_date('20-APR-20','DD-MON-RR'),6000,'Phau thuat','LS6673','NV00691');
Insert into SYSTEM.HOADON (MAHOADON,THOIGIANLAP,TONGTIEN,LOAIHOADON,MALICHSU,MANV) values ('HD4605',to_date('10-FEB-21','DD-MON-RR'),11000,'HD Kham chi dinh','LS5749','NV00912');
Insert into SYSTEM.HOADON (MAHOADON,THOIGIANLAP,TONGTIEN,LOAIHOADON,MALICHSU,MANV) values ('HD1221',to_date('14-SEP-20','DD-MON-RR'),51000,'Thuoc','LS4813','NV00826');
Insert into SYSTEM.HOADON (MAHOADON,THOIGIANLAP,TONGTIEN,LOAIHOADON,MALICHSU,MANV) values ('HD7087',to_date('20-DEC-20','DD-MON-RR'),79000,'Phau thuat','LS6250','NV00989');
Insert into SYSTEM.HOADON (MAHOADON,THOIGIANLAP,TONGTIEN,LOAIHOADON,MALICHSU,MANV) values ('HD3258',to_date('20-APR-20','DD-MON-RR'),56000,'Thuoc','LS9906','NV00455');
Insert into SYSTEM.HOADON (MAHOADON,THOIGIANLAP,TONGTIEN,LOAIHOADON,MALICHSU,MANV) values ('HD3088',to_date('20-FEB-21','DD-MON-RR'),30000,'Thuoc','LS8662','NV00553');
Insert into SYSTEM.HOADON (MAHOADON,THOIGIANLAP,TONGTIEN,LOAIHOADON,MALICHSU,MANV) values ('HD0122',to_date('08-DEC-20','DD-MON-RR'),78000,'Kham chuyen khoa','LS8108','NV00585');
Insert into SYSTEM.HOADON (MAHOADON,THOIGIANLAP,TONGTIEN,LOAIHOADON,MALICHSU,MANV) values ('HD3796',to_date('09-FEB-21','DD-MON-RR'),34000,'HD Kham chi dinh','LS5839','NV00989');
Insert into SYSTEM.HOADON (MAHOADON,THOIGIANLAP,TONGTIEN,LOAIHOADON,MALICHSU,MANV) values ('HD3399',to_date('21-FEB-21','DD-MON-RR'),97000,'HD Kham chi dinh','LS0030','NV00542');
Insert into SYSTEM.HOADON (MAHOADON,THOIGIANLAP,TONGTIEN,LOAIHOADON,MALICHSU,MANV) values ('HD8053',to_date('13-JUN-20','DD-MON-RR'),4000,'Thuoc','LS7867','NV00732');
Insert into SYSTEM.HOADON (MAHOADON,THOIGIANLAP,TONGTIEN,LOAIHOADON,MALICHSU,MANV) values ('HD3331',to_date('18-AUG-20','DD-MON-RR'),17000,'Thuoc','LS3552','NV00780');
Insert into SYSTEM.HOADON (MAHOADON,THOIGIANLAP,TONGTIEN,LOAIHOADON,MALICHSU,MANV) values ('HD7205',to_date('11-AUG-20','DD-MON-RR'),61000,'Thuoc','LS4308','NV00613');
Insert into SYSTEM.HOADON (MAHOADON,THOIGIANLAP,TONGTIEN,LOAIHOADON,MALICHSU,MANV) values ('HD0523',to_date('08-JAN-21','DD-MON-RR'),53000,'Phau thuat','LS6673','NV00501');
Insert into SYSTEM.HOADON (MAHOADON,THOIGIANLAP,TONGTIEN,LOAIHOADON,MALICHSU,MANV) values ('HD2683',to_date('08-APR-20','DD-MON-RR'),54000,'Thuoc','LS3552','NV00455');
Insert into SYSTEM.HOADON (MAHOADON,THOIGIANLAP,TONGTIEN,LOAIHOADON,MALICHSU,MANV) values ('HD7516',to_date('30-APR-20','DD-MON-RR'),82000,'Thuoc','LS0603','NV00334');
Insert into SYSTEM.HOADON (MAHOADON,THOIGIANLAP,TONGTIEN,LOAIHOADON,MALICHSU,MANV) values ('HD2841',to_date('23-JUN-20','DD-MON-RR'),43000,'Thuoc','LS5178','NV00622');
Insert into SYSTEM.HOADON (MAHOADON,THOIGIANLAP,TONGTIEN,LOAIHOADON,MALICHSU,MANV) values ('HD2785',to_date('07-SEP-20','DD-MON-RR'),20000,'Kham chuyen khoa','LS0008','NV00585');
Insert into SYSTEM.HOADON (MAHOADON,THOIGIANLAP,TONGTIEN,LOAIHOADON,MALICHSU,MANV) values ('HD2861',to_date('13-OCT-20','DD-MON-RR'),61000,'Kham chuyen khoa','LS3552','NV00762');
Insert into SYSTEM.HOADON (MAHOADON,THOIGIANLAP,TONGTIEN,LOAIHOADON,MALICHSU,MANV) values ('HD2359',to_date('20-MAR-21','DD-MON-RR'),59000,'Thuoc','LS0030','NV00661');
Insert into SYSTEM.HOADON (MAHOADON,THOIGIANLAP,TONGTIEN,LOAIHOADON,MALICHSU,MANV) values ('HD1903',to_date('08-JUL-20','DD-MON-RR'),37000,'HD Kham chi dinh','LS8662','NV00277');
Insert into SYSTEM.HOADON (MAHOADON,THOIGIANLAP,TONGTIEN,LOAIHOADON,MALICHSU,MANV) values ('HD8896',to_date('06-MAY-20','DD-MON-RR'),4000,'Thuoc','LS4308','NV00252');
Insert into SYSTEM.HOADON (MAHOADON,THOIGIANLAP,TONGTIEN,LOAIHOADON,MALICHSU,MANV) values ('HD5591',to_date('18-MAY-20','DD-MON-RR'),64000,'Phau thuat','LS2918','NV00659');
Insert into SYSTEM.HOADON (MAHOADON,THOIGIANLAP,TONGTIEN,LOAIHOADON,MALICHSU,MANV) values ('HD0732',to_date('15-AUG-20','DD-MON-RR'),5000,'HD Kham chi dinh','LS5685','NV00775');
Insert into SYSTEM.HOADON (MAHOADON,THOIGIANLAP,TONGTIEN,LOAIHOADON,MALICHSU,MANV) values ('HD8939',to_date('23-FEB-21','DD-MON-RR'),53000,'HD Kham chi dinh','LS3552','NV00461');
Insert into SYSTEM.HOADON (MAHOADON,THOIGIANLAP,TONGTIEN,LOAIHOADON,MALICHSU,MANV) values ('HD9525',to_date('26-OCT-20','DD-MON-RR'),36000,'Thuoc','LS5749','NV00902');
Insert into SYSTEM.HOADON (MAHOADON,THOIGIANLAP,TONGTIEN,LOAIHOADON,MALICHSU,MANV) values ('HD4696',to_date('21-JAN-21','DD-MON-RR'),53000,'Thuoc','LS5284','NV00296');
Insert into SYSTEM.HOADON (MAHOADON,THOIGIANLAP,TONGTIEN,LOAIHOADON,MALICHSU,MANV) values ('HD0535',to_date('09-JUN-20','DD-MON-RR'),70000,'Thuoc','LS4267','NV00501');
Insert into SYSTEM.HOADON (MAHOADON,THOIGIANLAP,TONGTIEN,LOAIHOADON,MALICHSU,MANV) values ('HD4751',to_date('12-MAY-20','DD-MON-RR'),97000,'Kham chuyen khoa','LS8662','NV00461');
Insert into SYSTEM.HOADON (MAHOADON,THOIGIANLAP,TONGTIEN,LOAIHOADON,MALICHSU,MANV) values ('HD0561',to_date('02-JAN-21','DD-MON-RR'),67000,'Kham chuyen khoa','LS2500','NV00659');
Insert into SYSTEM.HOADON (MAHOADON,THOIGIANLAP,TONGTIEN,LOAIHOADON,MALICHSU,MANV) values ('HD8304',to_date('30-DEC-20','DD-MON-RR'),87000,'HD Kham chi dinh','LS2918','NV00732');
Insert into SYSTEM.HOADON (MAHOADON,THOIGIANLAP,TONGTIEN,LOAIHOADON,MALICHSU,MANV) values ('HD5018',to_date('17-OCT-20','DD-MON-RR'),46000,'HD Kham chi dinh','LS8576','NV00585');
Insert into SYSTEM.HOADON (MAHOADON,THOIGIANLAP,TONGTIEN,LOAIHOADON,MALICHSU,MANV) values ('HD1994',to_date('26-SEP-20','DD-MON-RR'),11000,'Kham chuyen khoa','LS8576','NV00218');
Insert into SYSTEM.HOADON (MAHOADON,THOIGIANLAP,TONGTIEN,LOAIHOADON,MALICHSU,MANV) values ('HD9308',to_date('06-FEB-21','DD-MON-RR'),54000,'Phau thuat','LS2182','NV00869');
Insert into SYSTEM.HOADON (MAHOADON,THOIGIANLAP,TONGTIEN,LOAIHOADON,MALICHSU,MANV) values ('HD5909',to_date('03-FEB-21','DD-MON-RR'),85000,'Thuoc','LS4032','NV00469');
Insert into SYSTEM.HOADON (MAHOADON,THOIGIANLAP,TONGTIEN,LOAIHOADON,MALICHSU,MANV) values ('HD7938',to_date('25-APR-20','DD-MON-RR'),26000,'Thuoc','LS8662','NV00659');
Insert into SYSTEM.HOADON (MAHOADON,THOIGIANLAP,TONGTIEN,LOAIHOADON,MALICHSU,MANV) values ('HD8494',to_date('22-JUN-20','DD-MON-RR'),65000,'HD Kham chi dinh','LS2500','NV00553');
Insert into SYSTEM.HOADON (MAHOADON,THOIGIANLAP,TONGTIEN,LOAIHOADON,MALICHSU,MANV) values ('HD6656',to_date('16-JUN-20','DD-MON-RR'),33000,'HD Kham chi dinh','LS2575','NV00296');
Insert into SYSTEM.HOADON (MAHOADON,THOIGIANLAP,TONGTIEN,LOAIHOADON,MALICHSU,MANV) values ('HD8356',to_date('24-JUL-20','DD-MON-RR'),4000,'HD Kham chi dinh','LS5749','NV00613');
Insert into SYSTEM.HOADON (MAHOADON,THOIGIANLAP,TONGTIEN,LOAIHOADON,MALICHSU,MANV) values ('HD3085',to_date('19-MAR-21','DD-MON-RR'),19000,'HD Kham chi dinh','LS6673','NV00775');
Insert into SYSTEM.HOADON (MAHOADON,THOIGIANLAP,TONGTIEN,LOAIHOADON,MALICHSU,MANV) values ('HD7908',to_date('29-AUG-20','DD-MON-RR'),4000,'Phau thuat','LS0030','NV00597');
REM INSERTING into SYSTEM.KHOA
SET DEFINE OFF;
Insert into SYSTEM.KHOA (MAKHOA,TENKHOA) values ('AED','Accident and Emergency Department');
Insert into SYSTEM.KHOA (MAKHOA,TENKHOA) values ('CAR','Cardiology');
Insert into SYSTEM.KHOA (MAKHOA,TENKHOA) values ('DER','Dermatology');
Insert into SYSTEM.KHOA (MAKHOA,TENKHOA) values ('DID','Diagnostic imaging department');
Insert into SYSTEM.KHOA (MAKHOA,TENKHOA) values ('END','Endocrinology');
Insert into SYSTEM.KHOA (MAKHOA,TENKHOA) values ('GAS','Gastroenterology');
Insert into SYSTEM.KHOA (MAKHOA,TENKHOA) values ('IM','Internal medicine');
Insert into SYSTEM.KHOA (MAKHOA,TENKHOA) values ('NEU','Neurology');
Insert into SYSTEM.KHOA (MAKHOA,TENKHOA) values ('ODO','Odontology');
REM INSERTING into SYSTEM.LICHSUKHAMBENH
SET DEFINE OFF;
REM INSERTING into SYSTEM.LICHSUTRUC
SET DEFINE OFF;
Insert into SYSTEM.LICHSUTRUC (MANV,MAPHONG,MACATRUC,NGAYTRUC) values ('NV00034','P203','3',to_date('20-MAY-04','DD-MON-RR'));
Insert into SYSTEM.LICHSUTRUC (MANV,MAPHONG,MACATRUC,NGAYTRUC) values ('NV00043','P201','3',to_date('20-SEP-09','DD-MON-RR'));
Insert into SYSTEM.LICHSUTRUC (MANV,MAPHONG,MACATRUC,NGAYTRUC) values ('NV00043','P204','3',to_date('20-DEC-02','DD-MON-RR'));
Insert into SYSTEM.LICHSUTRUC (MANV,MAPHONG,MACATRUC,NGAYTRUC) values ('NV00043','P205','1',to_date('21-JAN-04','DD-MON-RR'));
Insert into SYSTEM.LICHSUTRUC (MANV,MAPHONG,MACATRUC,NGAYTRUC) values ('NV00068','P202','3',to_date('20-JUN-15','DD-MON-RR'));
Insert into SYSTEM.LICHSUTRUC (MANV,MAPHONG,MACATRUC,NGAYTRUC) values ('NV00068','P203','2',to_date('20-DEC-24','DD-MON-RR'));
Insert into SYSTEM.LICHSUTRUC (MANV,MAPHONG,MACATRUC,NGAYTRUC) values ('NV00068','P205','3',to_date('20-AUG-05','DD-MON-RR'));
Insert into SYSTEM.LICHSUTRUC (MANV,MAPHONG,MACATRUC,NGAYTRUC) values ('NV00068','P205','3',to_date('20-JUN-09','DD-MON-RR'));
Insert into SYSTEM.LICHSUTRUC (MANV,MAPHONG,MACATRUC,NGAYTRUC) values ('NV00081','P204','1',to_date('20-JUL-20','DD-MON-RR'));
Insert into SYSTEM.LICHSUTRUC (MANV,MAPHONG,MACATRUC,NGAYTRUC) values ('NV00081','P204','2',to_date('20-MAR-31','DD-MON-RR'));
Insert into SYSTEM.LICHSUTRUC (MANV,MAPHONG,MACATRUC,NGAYTRUC) values ('NV00113','P203','1',to_date('20-DEC-14','DD-MON-RR'));
Insert into SYSTEM.LICHSUTRUC (MANV,MAPHONG,MACATRUC,NGAYTRUC) values ('NV00113','P204','1',to_date('20-JUN-27','DD-MON-RR'));
Insert into SYSTEM.LICHSUTRUC (MANV,MAPHONG,MACATRUC,NGAYTRUC) values ('NV00113','P205','2',to_date('20-AUG-29','DD-MON-RR'));
Insert into SYSTEM.LICHSUTRUC (MANV,MAPHONG,MACATRUC,NGAYTRUC) values ('NV00113','P206','3',to_date('20-DEC-11','DD-MON-RR'));
Insert into SYSTEM.LICHSUTRUC (MANV,MAPHONG,MACATRUC,NGAYTRUC) values ('NV00131','P206','3',to_date('20-FEB-23','DD-MON-RR'));
Insert into SYSTEM.LICHSUTRUC (MANV,MAPHONG,MACATRUC,NGAYTRUC) values ('NV00172','P201','1',to_date('20-JUN-08','DD-MON-RR'));
Insert into SYSTEM.LICHSUTRUC (MANV,MAPHONG,MACATRUC,NGAYTRUC) values ('NV00172','P204','1',to_date('20-FEB-24','DD-MON-RR'));
Insert into SYSTEM.LICHSUTRUC (MANV,MAPHONG,MACATRUC,NGAYTRUC) values ('NV00197','P202','1',to_date('20-DEC-19','DD-MON-RR'));
Insert into SYSTEM.LICHSUTRUC (MANV,MAPHONG,MACATRUC,NGAYTRUC) values ('NV00218','P201','3',to_date('20-NOV-08','DD-MON-RR'));
Insert into SYSTEM.LICHSUTRUC (MANV,MAPHONG,MACATRUC,NGAYTRUC) values ('NV00218','P204','2',to_date('20-FEB-23','DD-MON-RR'));
Insert into SYSTEM.LICHSUTRUC (MANV,MAPHONG,MACATRUC,NGAYTRUC) values ('NV00252','P201','1',to_date('20-DEC-22','DD-MON-RR'));
Insert into SYSTEM.LICHSUTRUC (MANV,MAPHONG,MACATRUC,NGAYTRUC) values ('NV00252','P206','2',to_date('20-APR-07','DD-MON-RR'));
Insert into SYSTEM.LICHSUTRUC (MANV,MAPHONG,MACATRUC,NGAYTRUC) values ('NV00277','P203','3',to_date('20-FEB-22','DD-MON-RR'));
Insert into SYSTEM.LICHSUTRUC (MANV,MAPHONG,MACATRUC,NGAYTRUC) values ('NV00287','P203','2',to_date('20-APR-19','DD-MON-RR'));
Insert into SYSTEM.LICHSUTRUC (MANV,MAPHONG,MACATRUC,NGAYTRUC) values ('NV00287','P205','2',to_date('20-APR-26','DD-MON-RR'));
Insert into SYSTEM.LICHSUTRUC (MANV,MAPHONG,MACATRUC,NGAYTRUC) values ('NV00287','P206','2',to_date('20-JUL-09','DD-MON-RR'));
Insert into SYSTEM.LICHSUTRUC (MANV,MAPHONG,MACATRUC,NGAYTRUC) values ('NV00287','P206','3',to_date('20-AUG-24','DD-MON-RR'));
Insert into SYSTEM.LICHSUTRUC (MANV,MAPHONG,MACATRUC,NGAYTRUC) values ('NV00296','P201','3',to_date('20-AUG-07','DD-MON-RR'));
Insert into SYSTEM.LICHSUTRUC (MANV,MAPHONG,MACATRUC,NGAYTRUC) values ('NV00296','P203','2',to_date('20-FEB-15','DD-MON-RR'));
Insert into SYSTEM.LICHSUTRUC (MANV,MAPHONG,MACATRUC,NGAYTRUC) values ('NV00296','P206','2',to_date('20-AUG-25','DD-MON-RR'));
Insert into SYSTEM.LICHSUTRUC (MANV,MAPHONG,MACATRUC,NGAYTRUC) values ('NV00335','P204','2',to_date('20-MAR-22','DD-MON-RR'));
Insert into SYSTEM.LICHSUTRUC (MANV,MAPHONG,MACATRUC,NGAYTRUC) values ('NV00335','P204','3',to_date('20-AUG-21','DD-MON-RR'));
Insert into SYSTEM.LICHSUTRUC (MANV,MAPHONG,MACATRUC,NGAYTRUC) values ('NV00335','P205','2',to_date('20-JAN-19','DD-MON-RR'));
Insert into SYSTEM.LICHSUTRUC (MANV,MAPHONG,MACATRUC,NGAYTRUC) values ('NV00342','P203','1',to_date('20-JUN-04','DD-MON-RR'));
Insert into SYSTEM.LICHSUTRUC (MANV,MAPHONG,MACATRUC,NGAYTRUC) values ('NV00342','P205','3',to_date('20-FEB-08','DD-MON-RR'));
Insert into SYSTEM.LICHSUTRUC (MANV,MAPHONG,MACATRUC,NGAYTRUC) values ('NV00397','P201','2',to_date('20-MAR-20','DD-MON-RR'));
Insert into SYSTEM.LICHSUTRUC (MANV,MAPHONG,MACATRUC,NGAYTRUC) values ('NV00397','P202','1',to_date('20-JUN-01','DD-MON-RR'));
Insert into SYSTEM.LICHSUTRUC (MANV,MAPHONG,MACATRUC,NGAYTRUC) values ('NV00397','P203','3',to_date('20-MAY-22','DD-MON-RR'));
Insert into SYSTEM.LICHSUTRUC (MANV,MAPHONG,MACATRUC,NGAYTRUC) values ('NV00416','P203','3',to_date('20-MAR-26','DD-MON-RR'));
Insert into SYSTEM.LICHSUTRUC (MANV,MAPHONG,MACATRUC,NGAYTRUC) values ('NV00416','P204','2',to_date('20-NOV-15','DD-MON-RR'));
Insert into SYSTEM.LICHSUTRUC (MANV,MAPHONG,MACATRUC,NGAYTRUC) values ('NV00427','P203','3',to_date('20-MAR-26','DD-MON-RR'));
Insert into SYSTEM.LICHSUTRUC (MANV,MAPHONG,MACATRUC,NGAYTRUC) values ('NV00427','P206','2',to_date('20-JUL-10','DD-MON-RR'));
Insert into SYSTEM.LICHSUTRUC (MANV,MAPHONG,MACATRUC,NGAYTRUC) values ('NV00455','P201','3',to_date('20-FEB-01','DD-MON-RR'));
Insert into SYSTEM.LICHSUTRUC (MANV,MAPHONG,MACATRUC,NGAYTRUC) values ('NV00455','P202','1',to_date('20-APR-11','DD-MON-RR'));
Insert into SYSTEM.LICHSUTRUC (MANV,MAPHONG,MACATRUC,NGAYTRUC) values ('NV00455','P204','3',to_date('20-JUN-15','DD-MON-RR'));
Insert into SYSTEM.LICHSUTRUC (MANV,MAPHONG,MACATRUC,NGAYTRUC) values ('NV00461','P202','1',to_date('20-OCT-18','DD-MON-RR'));
Insert into SYSTEM.LICHSUTRUC (MANV,MAPHONG,MACATRUC,NGAYTRUC) values ('NV00469','P202','1',to_date('20-JUN-26','DD-MON-RR'));
Insert into SYSTEM.LICHSUTRUC (MANV,MAPHONG,MACATRUC,NGAYTRUC) values ('NV00469','P204','1',to_date('20-JUN-10','DD-MON-RR'));
Insert into SYSTEM.LICHSUTRUC (MANV,MAPHONG,MACATRUC,NGAYTRUC) values ('NV00469','P206','2',to_date('20-JAN-28','DD-MON-RR'));
Insert into SYSTEM.LICHSUTRUC (MANV,MAPHONG,MACATRUC,NGAYTRUC) values ('NV00501','P201','1',to_date('20-JAN-15','DD-MON-RR'));
Insert into SYSTEM.LICHSUTRUC (MANV,MAPHONG,MACATRUC,NGAYTRUC) values ('NV00501','P204','2',to_date('20-SEP-04','DD-MON-RR'));
Insert into SYSTEM.LICHSUTRUC (MANV,MAPHONG,MACATRUC,NGAYTRUC) values ('NV00515','P206','3',to_date('20-JUL-14','DD-MON-RR'));
Insert into SYSTEM.LICHSUTRUC (MANV,MAPHONG,MACATRUC,NGAYTRUC) values ('NV00529','P202','1',to_date('20-JAN-30','DD-MON-RR'));
Insert into SYSTEM.LICHSUTRUC (MANV,MAPHONG,MACATRUC,NGAYTRUC) values ('NV00529','P205','1',to_date('20-SEP-13','DD-MON-RR'));
Insert into SYSTEM.LICHSUTRUC (MANV,MAPHONG,MACATRUC,NGAYTRUC) values ('NV00529','P205','2',to_date('20-JUL-04','DD-MON-RR'));
Insert into SYSTEM.LICHSUTRUC (MANV,MAPHONG,MACATRUC,NGAYTRUC) values ('NV00529','P205','2',to_date('20-DEC-11','DD-MON-RR'));
Insert into SYSTEM.LICHSUTRUC (MANV,MAPHONG,MACATRUC,NGAYTRUC) values ('NV00529','P206','2',to_date('20-DEC-22','DD-MON-RR'));
Insert into SYSTEM.LICHSUTRUC (MANV,MAPHONG,MACATRUC,NGAYTRUC) values ('NV00542','P203','1',to_date('20-SEP-13','DD-MON-RR'));
Insert into SYSTEM.LICHSUTRUC (MANV,MAPHONG,MACATRUC,NGAYTRUC) values ('NV00542','P204','3',to_date('20-NOV-20','DD-MON-RR'));
Insert into SYSTEM.LICHSUTRUC (MANV,MAPHONG,MACATRUC,NGAYTRUC) values ('NV00542','P206','3',to_date('20-APR-21','DD-MON-RR'));
Insert into SYSTEM.LICHSUTRUC (MANV,MAPHONG,MACATRUC,NGAYTRUC) values ('NV00548','P202','2',to_date('20-SEP-16','DD-MON-RR'));
Insert into SYSTEM.LICHSUTRUC (MANV,MAPHONG,MACATRUC,NGAYTRUC) values ('NV00553','P201','1',to_date('20-MAR-30','DD-MON-RR'));
Insert into SYSTEM.LICHSUTRUC (MANV,MAPHONG,MACATRUC,NGAYTRUC) values ('NV00553','P202','3',to_date('20-MAY-02','DD-MON-RR'));
Insert into SYSTEM.LICHSUTRUC (MANV,MAPHONG,MACATRUC,NGAYTRUC) values ('NV00553','P206','1',to_date('20-AUG-12','DD-MON-RR'));
Insert into SYSTEM.LICHSUTRUC (MANV,MAPHONG,MACATRUC,NGAYTRUC) values ('NV00597','P204','1',to_date('20-AUG-14','DD-MON-RR'));
Insert into SYSTEM.LICHSUTRUC (MANV,MAPHONG,MACATRUC,NGAYTRUC) values ('NV00597','P205','1',to_date('20-NOV-12','DD-MON-RR'));
Insert into SYSTEM.LICHSUTRUC (MANV,MAPHONG,MACATRUC,NGAYTRUC) values ('NV00606','P203','2',to_date('20-MAY-01','DD-MON-RR'));
Insert into SYSTEM.LICHSUTRUC (MANV,MAPHONG,MACATRUC,NGAYTRUC) values ('NV00606','P206','1',to_date('20-AUG-25','DD-MON-RR'));
Insert into SYSTEM.LICHSUTRUC (MANV,MAPHONG,MACATRUC,NGAYTRUC) values ('NV00622','P203','1',to_date('20-APR-02','DD-MON-RR'));
Insert into SYSTEM.LICHSUTRUC (MANV,MAPHONG,MACATRUC,NGAYTRUC) values ('NV00659','P202','1',to_date('20-JUL-28','DD-MON-RR'));
Insert into SYSTEM.LICHSUTRUC (MANV,MAPHONG,MACATRUC,NGAYTRUC) values ('NV00659','P203','1',to_date('20-DEC-13','DD-MON-RR'));
Insert into SYSTEM.LICHSUTRUC (MANV,MAPHONG,MACATRUC,NGAYTRUC) values ('NV00659','P206','1',to_date('20-FEB-08','DD-MON-RR'));
Insert into SYSTEM.LICHSUTRUC (MANV,MAPHONG,MACATRUC,NGAYTRUC) values ('NV00659','P206','1',to_date('20-SEP-20','DD-MON-RR'));
Insert into SYSTEM.LICHSUTRUC (MANV,MAPHONG,MACATRUC,NGAYTRUC) values ('NV00691','P201','2',to_date('20-APR-12','DD-MON-RR'));
Insert into SYSTEM.LICHSUTRUC (MANV,MAPHONG,MACATRUC,NGAYTRUC) values ('NV00691','P206','1',to_date('20-AUG-02','DD-MON-RR'));
Insert into SYSTEM.LICHSUTRUC (MANV,MAPHONG,MACATRUC,NGAYTRUC) values ('NV00732','P201','3',to_date('20-JUL-15','DD-MON-RR'));
Insert into SYSTEM.LICHSUTRUC (MANV,MAPHONG,MACATRUC,NGAYTRUC) values ('NV00732','P201','3',to_date('20-AUG-23','DD-MON-RR'));
Insert into SYSTEM.LICHSUTRUC (MANV,MAPHONG,MACATRUC,NGAYTRUC) values ('NV00762','P204','1',to_date('20-JUL-20','DD-MON-RR'));
Insert into SYSTEM.LICHSUTRUC (MANV,MAPHONG,MACATRUC,NGAYTRUC) values ('NV00775','P203','1',to_date('20-NOV-24','DD-MON-RR'));
Insert into SYSTEM.LICHSUTRUC (MANV,MAPHONG,MACATRUC,NGAYTRUC) values ('NV00775','P204','3',to_date('20-MAR-04','DD-MON-RR'));
Insert into SYSTEM.LICHSUTRUC (MANV,MAPHONG,MACATRUC,NGAYTRUC) values ('NV00775','P204','3',to_date('20-OCT-06','DD-MON-RR'));
Insert into SYSTEM.LICHSUTRUC (MANV,MAPHONG,MACATRUC,NGAYTRUC) values ('NV00780','P201','2',to_date('20-APR-17','DD-MON-RR'));
Insert into SYSTEM.LICHSUTRUC (MANV,MAPHONG,MACATRUC,NGAYTRUC) values ('NV00780','P201','3',to_date('20-MAR-16','DD-MON-RR'));
Insert into SYSTEM.LICHSUTRUC (MANV,MAPHONG,MACATRUC,NGAYTRUC) values ('NV00780','P203','3',to_date('20-MAR-24','DD-MON-RR'));
Insert into SYSTEM.LICHSUTRUC (MANV,MAPHONG,MACATRUC,NGAYTRUC) values ('NV00780','P205','1',to_date('20-APR-22','DD-MON-RR'));
Insert into SYSTEM.LICHSUTRUC (MANV,MAPHONG,MACATRUC,NGAYTRUC) values ('NV00780','P205','2',to_date('20-FEB-07','DD-MON-RR'));
Insert into SYSTEM.LICHSUTRUC (MANV,MAPHONG,MACATRUC,NGAYTRUC) values ('NV00835','P202','3',to_date('20-JAN-25','DD-MON-RR'));
Insert into SYSTEM.LICHSUTRUC (MANV,MAPHONG,MACATRUC,NGAYTRUC) values ('NV00835','P205','3',to_date('20-JUN-18','DD-MON-RR'));
Insert into SYSTEM.LICHSUTRUC (MANV,MAPHONG,MACATRUC,NGAYTRUC) values ('NV00869','P204','1',to_date('20-APR-09','DD-MON-RR'));
Insert into SYSTEM.LICHSUTRUC (MANV,MAPHONG,MACATRUC,NGAYTRUC) values ('NV00869','P206','1',to_date('20-MAR-21','DD-MON-RR'));
Insert into SYSTEM.LICHSUTRUC (MANV,MAPHONG,MACATRUC,NGAYTRUC) values ('NV00902','P202','1',to_date('20-DEC-03','DD-MON-RR'));
Insert into SYSTEM.LICHSUTRUC (MANV,MAPHONG,MACATRUC,NGAYTRUC) values ('NV00902','P203','3',to_date('20-DEC-08','DD-MON-RR'));
Insert into SYSTEM.LICHSUTRUC (MANV,MAPHONG,MACATRUC,NGAYTRUC) values ('NV00902','P204','3',to_date('20-AUG-17','DD-MON-RR'));
Insert into SYSTEM.LICHSUTRUC (MANV,MAPHONG,MACATRUC,NGAYTRUC) values ('NV00936','P204','1',to_date('20-JUL-01','DD-MON-RR'));
Insert into SYSTEM.LICHSUTRUC (MANV,MAPHONG,MACATRUC,NGAYTRUC) values ('NV00936','P206','3',to_date('20-MAY-13','DD-MON-RR'));
Insert into SYSTEM.LICHSUTRUC (MANV,MAPHONG,MACATRUC,NGAYTRUC) values ('NV00953','P202','2',to_date('20-MAY-01','DD-MON-RR'));
Insert into SYSTEM.LICHSUTRUC (MANV,MAPHONG,MACATRUC,NGAYTRUC) values ('NV00953','P203','1',to_date('20-JAN-17','DD-MON-RR'));
Insert into SYSTEM.LICHSUTRUC (MANV,MAPHONG,MACATRUC,NGAYTRUC) values ('NV00953','P204','1',to_date('20-FEB-24','DD-MON-RR'));
Insert into SYSTEM.LICHSUTRUC (MANV,MAPHONG,MACATRUC,NGAYTRUC) values ('NV00989','P202','1',to_date('21-JAN-02','DD-MON-RR'));
Insert into SYSTEM.LICHSUTRUC (MANV,MAPHONG,MACATRUC,NGAYTRUC) values ('NV00989','P203','2',to_date('20-MAR-04','DD-MON-RR'));
REM INSERTING into SYSTEM.LOAIDICHVU
SET DEFINE OFF;
Insert into SYSTEM.LOAIDICHVU (MALOAIDICHVU,TENLOAIDICHVU,CHIPHI) values ('0FU607Z','Supplement Left Hepatic Duct with Autol Sub, Open Approach',59000);
Insert into SYSTEM.LOAIDICHVU (MALOAIDICHVU,TENLOAIDICHVU,CHIPHI) values ('02174JS','Bypass L Atrium to R Pulm Vn w Synth Sub, Perc Endo',77000);
Insert into SYSTEM.LOAIDICHVU (MALOAIDICHVU,TENLOAIDICHVU,CHIPHI) values ('0B1','Respiratory System, Bypass',70000);
Insert into SYSTEM.LOAIDICHVU (MALOAIDICHVU,TENLOAIDICHVU,CHIPHI) values ('F01L0ZZ','Muscle Performance Assessment of Musculosk Low Back/LE',43000);
Insert into SYSTEM.LOAIDICHVU (MALOAIDICHVU,TENLOAIDICHVU,CHIPHI) values ('0D134K9','Bypass Low Esophag to Duoden w Nonaut Sub, Perc Endo',63000);
Insert into SYSTEM.LOAIDICHVU (MALOAIDICHVU,TENLOAIDICHVU,CHIPHI) values ('0QPK35Z','Removal of Ext Fix from L Fibula, Perc Approach',92000);
Insert into SYSTEM.LOAIDICHVU (MALOAIDICHVU,TENLOAIDICHVU,CHIPHI) values ('0X0807Z','Alteration of Right Upper Arm with Autol Sub, Open Approach',88000);
Insert into SYSTEM.LOAIDICHVU (MALOAIDICHVU,TENLOAIDICHVU,CHIPHI) values ('095P4ZZ','Destruction of Accessory Sinus, Perc Endo Approach',16000);
Insert into SYSTEM.LOAIDICHVU (MALOAIDICHVU,TENLOAIDICHVU,CHIPHI) values ('F08G5YZ','Wound Mgmt Treatment of Integu Low Back/LE using Oth Equip',57000);
Insert into SYSTEM.LOAIDICHVU (MALOAIDICHVU,TENLOAIDICHVU,CHIPHI) values ('0BYD0Z2','Transplantation of R Mid Lung Lobe, Zooplast, Open Approach',13000);
Insert into SYSTEM.LOAIDICHVU (MALOAIDICHVU,TENLOAIDICHVU,CHIPHI) values ('0U9K0ZX','Drainage of Hymen, Open Approach, Diagnostic',91000);
Insert into SYSTEM.LOAIDICHVU (MALOAIDICHVU,TENLOAIDICHVU,CHIPHI) values ('03VV3DZ','Restrict of L Thyroid Art with Intralum Dev, Perc Approach',93000);
Insert into SYSTEM.LOAIDICHVU (MALOAIDICHVU,TENLOAIDICHVU,CHIPHI) values ('0RC00ZZ','Extirpation of Matter from Occip Jt, Open Approach',49000);
Insert into SYSTEM.LOAIDICHVU (MALOAIDICHVU,TENLOAIDICHVU,CHIPHI) values ('051C4KY','Bypass L Basilic Vein to Up Vein w Nonaut Sub, Perc Endo',11000);
Insert into SYSTEM.LOAIDICHVU (MALOAIDICHVU,TENLOAIDICHVU,CHIPHI) values ('05QV3ZZ','Repair Left Face Vein, Percutaneous Approach',76000);
Insert into SYSTEM.LOAIDICHVU (MALOAIDICHVU,TENLOAIDICHVU,CHIPHI) values ('0VMF0ZZ','Reattachment of Right Spermatic Cord, Open Approach',91000);
Insert into SYSTEM.LOAIDICHVU (MALOAIDICHVU,TENLOAIDICHVU,CHIPHI) values ('0SS9XZZ','Reposition Right Hip Joint, External Approach',64000);
Insert into SYSTEM.LOAIDICHVU (MALOAIDICHVU,TENLOAIDICHVU,CHIPHI) values ('0U9G80Z','Drainage of Vagina with Drainage Device, Endo',91000);
Insert into SYSTEM.LOAIDICHVU (MALOAIDICHVU,TENLOAIDICHVU,CHIPHI) values ('0M910ZZ','Drainage of Right Shoulder Bursa and Ligament, Open Approach',2000);
Insert into SYSTEM.LOAIDICHVU (MALOAIDICHVU,TENLOAIDICHVU,CHIPHI) values ('0X960ZX','Drainage of Right Upper Extremity, Open Approach, Diagnostic',73000);
Insert into SYSTEM.LOAIDICHVU (MALOAIDICHVU,TENLOAIDICHVU,CHIPHI) values ('0D5Q0ZZ','Destruction of Anus, Open Approach',41000);
Insert into SYSTEM.LOAIDICHVU (MALOAIDICHVU,TENLOAIDICHVU,CHIPHI) values ('0QH904Z','Insertion of Int Fix into L Femur Shaft, Open Approach',10000);
Insert into SYSTEM.LOAIDICHVU (MALOAIDICHVU,TENLOAIDICHVU,CHIPHI) values ('0G5F0ZZ','Destruction of Paraganglion Extremity, Open Approach',19000);
Insert into SYSTEM.LOAIDICHVU (MALOAIDICHVU,TENLOAIDICHVU,CHIPHI) values ('30273J1','Transfuse Nonaut Serum Albumin in POC, Circ, Perc',47000);
Insert into SYSTEM.LOAIDICHVU (MALOAIDICHVU,TENLOAIDICHVU,CHIPHI) values ('0M983ZZ','Drainage of Left Hand Bursa and Ligament, Perc Approach',21000);
Insert into SYSTEM.LOAIDICHVU (MALOAIDICHVU,TENLOAIDICHVU,CHIPHI) values ('BT1C0ZZ','Fluoroscopy of Ileal Diversion Loop using H Osm Contrast',68000);
Insert into SYSTEM.LOAIDICHVU (MALOAIDICHVU,TENLOAIDICHVU,CHIPHI) values ('F06ZBYZ','Receptive/Expressive Language Treatment using Oth Equip',20000);
Insert into SYSTEM.LOAIDICHVU (MALOAIDICHVU,TENLOAIDICHVU,CHIPHI) values ('06UY37Z','Supplement Lower Vein with Autol Sub, Perc Approach',85000);
Insert into SYSTEM.LOAIDICHVU (MALOAIDICHVU,TENLOAIDICHVU,CHIPHI) values ('0HR9X73','Replace Perineum Skin w Autol Sub, Full Thick, Extern',51000);
Insert into SYSTEM.LOAIDICHVU (MALOAIDICHVU,TENLOAIDICHVU,CHIPHI) values ('0DH93DZ','Insertion of Intralum Dev into Duodenum, Perc Approach',32000);
Insert into SYSTEM.LOAIDICHVU (MALOAIDICHVU,TENLOAIDICHVU,CHIPHI) values ('0PBD3ZX','Excision of Left Humeral Head, Percutaneous Approach, Diagn',4000);
Insert into SYSTEM.LOAIDICHVU (MALOAIDICHVU,TENLOAIDICHVU,CHIPHI) values ('075B0ZZ','Destruction of Mesenteric Lymphatic, Open Approach',61000);
Insert into SYSTEM.LOAIDICHVU (MALOAIDICHVU,TENLOAIDICHVU,CHIPHI) values ('0YPB4JZ','Removal of Synth Sub from L Low Extrem, Perc Endo Approach',61000);
Insert into SYSTEM.LOAIDICHVU (MALOAIDICHVU,TENLOAIDICHVU,CHIPHI) values ('F00ZPYZ','Oral Peripheral Mechanism Assessment using Other Equipment',92000);
Insert into SYSTEM.LOAIDICHVU (MALOAIDICHVU,TENLOAIDICHVU,CHIPHI) values ('02724TZ','Dilate 3 Cor Art w Radioact Intralum, Perc Endo',63000);
Insert into SYSTEM.LOAIDICHVU (MALOAIDICHVU,TENLOAIDICHVU,CHIPHI) values ('2W0GXYZ','Change Other Device on Right Thumb',21000);
Insert into SYSTEM.LOAIDICHVU (MALOAIDICHVU,TENLOAIDICHVU,CHIPHI) values ('0DFK0ZZ','Fragmentation in Ascending Colon, Open Approach',41000);
Insert into SYSTEM.LOAIDICHVU (MALOAIDICHVU,TENLOAIDICHVU,CHIPHI) values ('0FC94ZZ','Extirpation of Matter from Com Bile Duct, Perc Endo Approach',61000);
Insert into SYSTEM.LOAIDICHVU (MALOAIDICHVU,TENLOAIDICHVU,CHIPHI) values ('0D154J6','Bypass Esophag to Stomach with Synth Sub, Perc Endo Approach',10000);
Insert into SYSTEM.LOAIDICHVU (MALOAIDICHVU,TENLOAIDICHVU,CHIPHI) values ('0RR60JZ','Replacement of Thor Jt with Synth Sub, Open Approach',23000);
Insert into SYSTEM.LOAIDICHVU (MALOAIDICHVU,TENLOAIDICHVU,CHIPHI) values ('03R34JZ','Replace of R Subclav Art with Synth Sub, Perc Endo Approach',45000);
Insert into SYSTEM.LOAIDICHVU (MALOAIDICHVU,TENLOAIDICHVU,CHIPHI) values ('09PH07Z','Removal of Autol Sub from R Ear, Open Approach',99000);
Insert into SYSTEM.LOAIDICHVU (MALOAIDICHVU,TENLOAIDICHVU,CHIPHI) values ('D9061ZZ','Beam Radiation of Salivary Glands using Photons 1 - 10 MeV',61000);
Insert into SYSTEM.LOAIDICHVU (MALOAIDICHVU,TENLOAIDICHVU,CHIPHI) values ('377076','Dilate R Brach Art, Bifurc, w 4 Drug-elut, Open',19000);
Insert into SYSTEM.LOAIDICHVU (MALOAIDICHVU,TENLOAIDICHVU,CHIPHI) values ('DT12BBZ','LDR Brachytherapy of Bladder using Palladium 103',97000);
Insert into SYSTEM.LOAIDICHVU (MALOAIDICHVU,TENLOAIDICHVU,CHIPHI) values ('0B937ZZ','Drainage of Right Main Bronchus, Via Opening',7000);
Insert into SYSTEM.LOAIDICHVU (MALOAIDICHVU,TENLOAIDICHVU,CHIPHI) values ('0VJS4ZZ','Inspection of Penis, Percutaneous Endoscopic Approach',72000);
Insert into SYSTEM.LOAIDICHVU (MALOAIDICHVU,TENLOAIDICHVU,CHIPHI) values ('04H543Z','Insert Infusion Dev in Sup Mesent Art, Perc Endo',45000);
Insert into SYSTEM.LOAIDICHVU (MALOAIDICHVU,TENLOAIDICHVU,CHIPHI) values ('047C4D6','Dilate R Com Iliac Art, Bifurc, w Intralum Dev, Perc Endo',84000);
Insert into SYSTEM.LOAIDICHVU (MALOAIDICHVU,TENLOAIDICHVU,CHIPHI) values ('0BV30CZ','Restriction of R Main Bronc with Extralum Dev, Open Approach',94000);
REM INSERTING into SYSTEM.NHANVIEN
SET DEFINE OFF;
REM INSERTING into SYSTEM.PHONG
SET DEFINE OFF;
Insert into SYSTEM.PHONG (MAPHONG,TENPHONG) values ('P201','Ke Hoach Tong Hop');
Insert into SYSTEM.PHONG (MAPHONG,TENPHONG) values ('P202','To Chuc Can Bo');
Insert into SYSTEM.PHONG (MAPHONG,TENPHONG) values ('P203','Vat Tu Thiet Bi');
Insert into SYSTEM.PHONG (MAPHONG,TENPHONG) values ('P204','Cong Nghe Thong Tin');
Insert into SYSTEM.PHONG (MAPHONG,TENPHONG) values ('P205','Quan Ly Chat Luong');
Insert into SYSTEM.PHONG (MAPHONG,TENPHONG) values ('P206','Dieu Duong');
REM INSERTING into SYSTEM.THANGNAM
SET DEFINE OFF;
Insert into SYSTEM.THANGNAM (THANG,NAM) values (1,2021);
Insert into SYSTEM.THANGNAM (THANG,NAM) values (2,2021);
Insert into SYSTEM.THANGNAM (THANG,NAM) values (3,2021);
Insert into SYSTEM.THANGNAM (THANG,NAM) values (4,2021);
Insert into SYSTEM.THANGNAM (THANG,NAM) values (5,2021);
Insert into SYSTEM.THANGNAM (THANG,NAM) values (6,2021);
Insert into SYSTEM.THANGNAM (THANG,NAM) values (7,2020);
Insert into SYSTEM.THANGNAM (THANG,NAM) values (8,2020);
Insert into SYSTEM.THANGNAM (THANG,NAM) values (9,2020);
Insert into SYSTEM.THANGNAM (THANG,NAM) values (10,2020);
Insert into SYSTEM.THANGNAM (THANG,NAM) values (11,2020);
Insert into SYSTEM.THANGNAM (THANG,NAM) values (12,2020);
REM INSERTING into SYSTEM.THUOC
SET DEFINE OFF;
Insert into SYSTEM.THUOC (MATHUOC,TENTHUOC,CONGDUNG,CHONGCHIDINH,GIA,DONVI) values ('49348-633','Psyllium husk','Nulla ut erat id mauris vulputate elementum. Nullam varius. Nulla facilisi.','Cras non velit nec nisi vulputate nonummy. Maecenas tincidunt lacus at velit. Vivamus vel nulla eget eros elementum pellentesque.',4900,'mi');
Insert into SYSTEM.THUOC (MATHUOC,TENTHUOC,CONGDUNG,CHONGCHIDINH,GIA,DONVI) values ('63517-016','Fluoride Anticavity Toothpaste','Duis bibendum, felis sed interdum venenatis, turpis enim blandit mi, in porttitor pede justo eu massa. Donec dapibus. Duis at velit eu est congue elementum.','Maecenas ut massa quis augue luctus tincidunt. Nulla mollis molestie lorem. Quisque ut erat.',2200,'ut tellus nulla');
Insert into SYSTEM.THUOC (MATHUOC,TENTHUOC,CONGDUNG,CHONGCHIDINH,GIA,DONVI) values ('53499-5272','Pelargonium sidoides','Mauris enim leo, rhoncus sed, vestibulum sit amet, cursus id, turpis. Integer aliquet, massa id lobortis convallis, tortor risus dapibus augue, vel accumsan tellus nisi eu orci. Mauris lacinia sapien quis libero.','Pellentesque at nulla. Suspendisse potenti. Cras in purus eu magna vulputate luctus.',6100,'platea');
Insert into SYSTEM.THUOC (MATHUOC,TENTHUOC,CONGDUNG,CHONGCHIDINH,GIA,DONVI) values ('49349-639','Levothyroxine Sodium','Morbi non lectus. Aliquam sit amet diam in magna bibendum imperdiet. Nullam orci pede, venenatis non, sodales sed, tincidunt eu, felis.','Fusce consequat. Nulla nisl. Nunc nisl.',3600,'bibendum imperdiet nullam');
Insert into SYSTEM.THUOC (MATHUOC,TENTHUOC,CONGDUNG,CHONGCHIDINH,GIA,DONVI) values ('57237-028','Amoxicillin','Proin interdum mauris non ligula pellentesque ultrices. Phasellus id sapien in sapien iaculis congue. Vivamus metus arcu, adipiscing molestie, hendrerit at, vulputate vitae, nisl.','Curabitur gravida nisi at nibh. In hac habitasse platea dictumst. Aliquam augue quam, sollicitudin vitae, consectetuer eget, rutrum at, lorem.',6800,'sed lacus');
Insert into SYSTEM.THUOC (MATHUOC,TENTHUOC,CONGDUNG,CHONGCHIDINH,GIA,DONVI) values ('62011-0195','Dextromethorphan HBr, Guaifenesin, Phenylephrine HCl','Morbi non lectus. Aliquam sit amet diam in magna bibendum imperdiet. Nullam orci pede, venenatis non, sodales sed, tincidunt eu, felis.','Etiam vel augue. Vestibulum rutrum rutrum neque. Aenean auctor gravida sem.',2400,'maecenas leo odio');
Insert into SYSTEM.THUOC (MATHUOC,TENTHUOC,CONGDUNG,CHONGCHIDINH,GIA,DONVI) values ('0002-5800','Atomoxetine hydrochloride','Mauris enim leo, rhoncus sed, vestibulum sit amet, cursus id, turpis. Integer aliquet, massa id lobortis convallis, tortor risus dapibus augue, vel accumsan tellus nisi eu orci. Mauris lacinia sapien quis libero.','Morbi non lectus. Aliquam sit amet diam in magna bibendum imperdiet. Nullam orci pede, venenatis non, sodales sed, tincidunt eu, felis.',6400,'a');
Insert into SYSTEM.THUOC (MATHUOC,TENTHUOC,CONGDUNG,CHONGCHIDINH,GIA,DONVI) values ('36987-1067','Hamster Epithelium','In sagittis dui vel nisl. Duis ac nibh. Fusce lacus purus, aliquet at, feugiat non, pretium quis, lectus.','Lorem ipsum dolor sit amet, consectetuer adipiscing elit. Proin risus. Praesent lectus.',7400,'nulla');
Insert into SYSTEM.THUOC (MATHUOC,TENTHUOC,CONGDUNG,CHONGCHIDINH,GIA,DONVI) values ('36987-1190','Bluefish','Mauris enim leo, rhoncus sed, vestibulum sit amet, cursus id, turpis. Integer aliquet, massa id lobortis convallis, tortor risus dapibus augue, vel accumsan tellus nisi eu orci. Mauris lacinia sapien quis libero.','Maecenas ut massa quis augue luctus tincidunt. Nulla mollis molestie lorem. Quisque ut erat.',1100,'pede');
Insert into SYSTEM.THUOC (MATHUOC,TENTHUOC,CONGDUNG,CHONGCHIDINH,GIA,DONVI) values ('50845-0045','Alumina, Arsenicum Metallicum, Mercurius Corrosivus, Niccolum Metallicum, Plumbum Metallicum, Radium Bromatum, Stannum Metallicum,','Praesent blandit. Nam nulla. Integer pede justo, lacinia eget, tincidunt eget, tempus vel, pede.','Duis bibendum, felis sed interdum venenatis, turpis enim blandit mi, in porttitor pede justo eu massa. Donec dapibus. Duis at velit eu est congue elementum.',8400,'dui');
Insert into SYSTEM.THUOC (MATHUOC,TENTHUOC,CONGDUNG,CHONGCHIDINH,GIA,DONVI) values ('52125-637','PROMETHAZINE HYDROCHLORIDE','Curabitur in libero ut massa volutpat convallis. Morbi odio odio, elementum eu, interdum eu, tincidunt in, leo. Maecenas pulvinar lobortis est.','Mauris enim leo, rhoncus sed, vestibulum sit amet, cursus id, turpis. Integer aliquet, massa id lobortis convallis, tortor risus dapibus augue, vel accumsan tellus nisi eu orci. Mauris lacinia sapien quis libero.',7700,'cubilia curae');
Insert into SYSTEM.THUOC (MATHUOC,TENTHUOC,CONGDUNG,CHONGCHIDINH,GIA,DONVI) values ('50563-133','ALCOHOL','Mauris enim leo, rhoncus sed, vestibulum sit amet, cursus id, turpis. Integer aliquet, massa id lobortis convallis, tortor risus dapibus augue, vel accumsan tellus nisi eu orci. Mauris lacinia sapien quis libero.','Aenean fermentum. Donec ut mauris eget massa tempor convallis. Nulla neque libero, convallis eget, eleifend luctus, ultricies eu, nibh.',8300,'suspendisse');
Insert into SYSTEM.THUOC (MATHUOC,TENTHUOC,CONGDUNG,CHONGCHIDINH,GIA,DONVI) values ('50436-3621','diclofenac sodium','Integer tincidunt ante vel ipsum. Praesent blandit lacinia erat. Vestibulum sed magna at nunc commodo placerat.','Aenean lectus. Pellentesque eget nunc. Donec quis orci eget orci vehicula condimentum.',2100,'blandit mi in');
Insert into SYSTEM.THUOC (MATHUOC,TENTHUOC,CONGDUNG,CHONGCHIDINH,GIA,DONVI) values ('58118-0293','verapamil hydrochloride','Duis bibendum. Morbi non quam nec dui luctus rutrum. Nulla tellus.','Donec diam neque, vestibulum eget, vulputate ut, ultrices vel, augue. Vestibulum ante ipsum primis in faucibus orci luctus et ultrices posuere cubilia Curae; Donec pharetra, magna vestibulum aliquet ultrices, erat tortor sollicitudin mi, sit amet lobortis sapien sapien non mi. Integer ac neque.',3200,'eleifend pede libero');
Insert into SYSTEM.THUOC (MATHUOC,TENTHUOC,CONGDUNG,CHONGCHIDINH,GIA,DONVI) values ('59985-217','Tabacum, HPUS,Cocculus, HPUS,Ipecacuanha, HPUS','Vestibulum ac est lacinia nisi venenatis tristique. Fusce congue, diam id ornare imperdiet, sapien urna pretium nisl, ut volutpat sapien arcu sed augue. Aliquam erat volutpat.','Vestibulum quam sapien, varius ut, blandit non, interdum in, ante. Vestibulum ante ipsum primis in faucibus orci luctus et ultrices posuere cubilia Curae; Duis faucibus accumsan odio. Curabitur convallis.',8700,'blandit nam nulla');
Insert into SYSTEM.THUOC (MATHUOC,TENTHUOC,CONGDUNG,CHONGCHIDINH,GIA,DONVI) values ('50419-171','regorafenib','Curabitur at ipsum ac tellus semper interdum. Mauris ullamcorper purus sit amet nulla. Quisque arcu libero, rutrum ac, lobortis vel, dapibus at, diam.','Nullam porttitor lacus at turpis. Donec posuere metus vitae ipsum. Aliquam non mauris.',7400,'iaculis congue vivamus');
Insert into SYSTEM.THUOC (MATHUOC,TENTHUOC,CONGDUNG,CHONGCHIDINH,GIA,DONVI) values ('0942-6470','Anticoagulant Citrate Phosphate Dextrose (CPD) Solution and ADSOL Preservation Solution','Nullam sit amet turpis elementum ligula vehicula consequat. Morbi a ipsum. Integer a nibh.','Nullam porttitor lacus at turpis. Donec posuere metus vitae ipsum. Aliquam non mauris.',4000,'sociis natoque');
Insert into SYSTEM.THUOC (MATHUOC,TENTHUOC,CONGDUNG,CHONGCHIDINH,GIA,DONVI) values ('51346-050','TITANIUM DIOXIDE, ZINC OXIDE','Quisque porta volutpat erat. Quisque erat eros, viverra eget, congue eget, semper rutrum, nulla. Nunc purus.','In hac habitasse platea dictumst. Morbi vestibulum, velit id pretium iaculis, diam erat fermentum justo, nec condimentum neque sapien placerat ante. Nulla justo.',9900,'ut dolor');
Insert into SYSTEM.THUOC (MATHUOC,TENTHUOC,CONGDUNG,CHONGCHIDINH,GIA,DONVI) values ('55289-370','doxepin hydrochloride','Praesent id massa id nisl venenatis lacinia. Aenean sit amet justo. Morbi ut odio.','Nam ultrices, libero non mattis pulvinar, nulla pede ullamcorper augue, a suscipit nulla elit ac nulla. Sed vel enim sit amet nunc viverra dapibus. Nulla suscipit ligula in lacus.',2400,'sollicitudin vitae');
Insert into SYSTEM.THUOC (MATHUOC,TENTHUOC,CONGDUNG,CHONGCHIDINH,GIA,DONVI) values ('0615-7641','Lisinopril','Cras non velit nec nisi vulputate nonummy. Maecenas tincidunt lacus at velit. Vivamus vel nulla eget eros elementum pellentesque.','Morbi porttitor lorem id ligula. Suspendisse ornare consequat lectus. In est risus, auctor sed, tristique in, tempus sit amet, sem.',1900,'vel nulla eget');
Insert into SYSTEM.THUOC (MATHUOC,TENTHUOC,CONGDUNG,CHONGCHIDINH,GIA,DONVI) values ('10210-0006','AVOBENZONE, OCTISALATE, HOMOSALATE, OCTOCRYLENE','In quis justo. Maecenas rhoncus aliquam lacus. Morbi quis tortor id nulla ultrices aliquet.','Morbi porttitor lorem id ligula. Suspendisse ornare consequat lectus. In est risus, auctor sed, tristique in, tempus sit amet, sem.',5500,'mauris ullamcorper');
Insert into SYSTEM.THUOC (MATHUOC,TENTHUOC,CONGDUNG,CHONGCHIDINH,GIA,DONVI) values ('63739-438','Simvastatin','Curabitur at ipsum ac tellus semper interdum. Mauris ullamcorper purus sit amet nulla. Quisque arcu libero, rutrum ac, lobortis vel, dapibus at, diam.','Morbi non lectus. Aliquam sit amet diam in magna bibendum imperdiet. Nullam orci pede, venenatis non, sodales sed, tincidunt eu, felis.',1200,'mus');
Insert into SYSTEM.THUOC (MATHUOC,TENTHUOC,CONGDUNG,CHONGCHIDINH,GIA,DONVI) values ('49873-056','tolnaftate','Vestibulum ac est lacinia nisi venenatis tristique. Fusce congue, diam id ornare imperdiet, sapien urna pretium nisl, ut volutpat sapien arcu sed augue. Aliquam erat volutpat.','Phasellus sit amet erat. Nulla tempus. Vivamus in felis eu sapien cursus vestibulum.',6700,'in');
Insert into SYSTEM.THUOC (MATHUOC,TENTHUOC,CONGDUNG,CHONGCHIDINH,GIA,DONVI) values ('48951-8246','Sulfur 6 Special Order','In quis justo. Maecenas rhoncus aliquam lacus. Morbi quis tortor id nulla ultrices aliquet.','Proin interdum mauris non ligula pellentesque ultrices. Phasellus id sapien in sapien iaculis congue. Vivamus metus arcu, adipiscing molestie, hendrerit at, vulputate vitae, nisl.',100,'morbi odio odio');
Insert into SYSTEM.THUOC (MATHUOC,TENTHUOC,CONGDUNG,CHONGCHIDINH,GIA,DONVI) values ('49738-553','CETYLPYRIDINIUM CHLORIDE','Cras mi pede, malesuada in, imperdiet et, commodo vulputate, justo. In blandit ultrices enim. Lorem ipsum dolor sit amet, consectetuer adipiscing elit.','Cras non velit nec nisi vulputate nonummy. Maecenas tincidunt lacus at velit. Vivamus vel nulla eget eros elementum pellentesque.',4500,'posuere felis sed');
Insert into SYSTEM.THUOC (MATHUOC,TENTHUOC,CONGDUNG,CHONGCHIDINH,GIA,DONVI) values ('0409-2307','MIDAZOLAM HYDROCHLORIDE','Proin leo odio, porttitor id, consequat in, consequat ut, nulla. Sed accumsan felis. Ut at dolor quis odio consequat varius.','Aenean fermentum. Donec ut mauris eget massa tempor convallis. Nulla neque libero, convallis eget, eleifend luctus, ultricies eu, nibh.',7500,'hac habitasse');
Insert into SYSTEM.THUOC (MATHUOC,TENTHUOC,CONGDUNG,CHONGCHIDINH,GIA,DONVI) values ('48951-1172','Astragalus e rad. 1%','In hac habitasse platea dictumst. Morbi vestibulum, velit id pretium iaculis, diam erat fermentum justo, nec condimentum neque sapien placerat ante. Nulla justo.','Mauris enim leo, rhoncus sed, vestibulum sit amet, cursus id, turpis. Integer aliquet, massa id lobortis convallis, tortor risus dapibus augue, vel accumsan tellus nisi eu orci. Mauris lacinia sapien quis libero.',3700,'dolor');
Insert into SYSTEM.THUOC (MATHUOC,TENTHUOC,CONGDUNG,CHONGCHIDINH,GIA,DONVI) values ('0172-5413','Fluconazole','Curabitur at ipsum ac tellus semper interdum. Mauris ullamcorper purus sit amet nulla. Quisque arcu libero, rutrum ac, lobortis vel, dapibus at, diam.','Curabitur gravida nisi at nibh. In hac habitasse platea dictumst. Aliquam augue quam, sollicitudin vitae, consectetuer eget, rutrum at, lorem.',6600,'integer non velit');
Insert into SYSTEM.THUOC (MATHUOC,TENTHUOC,CONGDUNG,CHONGCHIDINH,GIA,DONVI) values ('63187-062','Tramadol Hydrochloride','Maecenas leo odio, condimentum id, luctus nec, molestie sed, justo. Pellentesque viverra pede ac diam. Cras pellentesque volutpat dui.','Sed ante. Vivamus tortor. Duis mattis egestas metus.',1300,'odio in hac');
Insert into SYSTEM.THUOC (MATHUOC,TENTHUOC,CONGDUNG,CHONGCHIDINH,GIA,DONVI) values ('65162-679','Promethazine and Phenylephrine','Phasellus sit amet erat. Nulla tempus. Vivamus in felis eu sapien cursus vestibulum.','Proin leo odio, porttitor id, consequat in, consequat ut, nulla. Sed accumsan felis. Ut at dolor quis odio consequat varius.',5500,'platea');
Insert into SYSTEM.THUOC (MATHUOC,TENTHUOC,CONGDUNG,CHONGCHIDINH,GIA,DONVI) values ('54868-3952','donepezil hydrochloride','Aliquam quis turpis eget elit sodales scelerisque. Mauris sit amet eros. Suspendisse accumsan tortor quis turpis.','In hac habitasse platea dictumst. Morbi vestibulum, velit id pretium iaculis, diam erat fermentum justo, nec condimentum neque sapien placerat ante. Nulla justo.',2300,'eget elit');
Insert into SYSTEM.THUOC (MATHUOC,TENTHUOC,CONGDUNG,CHONGCHIDINH,GIA,DONVI) values ('0573-0196','chlorpheniramine maleate, ibuprofen, and phenylephrine hydrochloride','Cras mi pede, malesuada in, imperdiet et, commodo vulputate, justo. In blandit ultrices enim. Lorem ipsum dolor sit amet, consectetuer adipiscing elit.','Proin leo odio, porttitor id, consequat in, consequat ut, nulla. Sed accumsan felis. Ut at dolor quis odio consequat varius.',4800,'et magnis');
Insert into SYSTEM.THUOC (MATHUOC,TENTHUOC,CONGDUNG,CHONGCHIDINH,GIA,DONVI) values ('68428-093','CINCHONA OFFICINALIS BARK','Maecenas leo odio, condimentum id, luctus nec, molestie sed, justo. Pellentesque viverra pede ac diam. Cras pellentesque volutpat dui.','Donec diam neque, vestibulum eget, vulputate ut, ultrices vel, augue. Vestibulum ante ipsum primis in faucibus orci luctus et ultrices posuere cubilia Curae; Donec pharetra, magna vestibulum aliquet ultrices, erat tortor sollicitudin mi, sit amet lobortis sapien sapien non mi. Integer ac neque.',9500,'donec');
Insert into SYSTEM.THUOC (MATHUOC,TENTHUOC,CONGDUNG,CHONGCHIDINH,GIA,DONVI) values ('36987-2890','Water Oak','Aliquam quis turpis eget elit sodales scelerisque. Mauris sit amet eros. Suspendisse accumsan tortor quis turpis.','Aenean fermentum. Donec ut mauris eget massa tempor convallis. Nulla neque libero, convallis eget, eleifend luctus, ultricies eu, nibh.',1700,'augue aliquam erat');
Insert into SYSTEM.THUOC (MATHUOC,TENTHUOC,CONGDUNG,CHONGCHIDINH,GIA,DONVI) values ('55301-000','OCTINOXATE OXYBENZONE','Maecenas tristique, est et tempus semper, est quam pharetra magna, ac consequat metus sapien ut nunc. Vestibulum ante ipsum primis in faucibus orci luctus et ultrices posuere cubilia Curae; Mauris viverra diam vitae quam. Suspendisse potenti.','Proin eu mi. Nulla ac enim. In tempor, turpis nec euismod scelerisque, quam turpis adipiscing lorem, vitae mattis nibh ligula nec sem.',10000,'nisl ut');
Insert into SYSTEM.THUOC (MATHUOC,TENTHUOC,CONGDUNG,CHONGCHIDINH,GIA,DONVI) values ('65044-3585','Shrimp Crago sp.','Praesent blandit. Nam nulla. Integer pede justo, lacinia eget, tincidunt eget, tempus vel, pede.','Praesent id massa id nisl venenatis lacinia. Aenean sit amet justo. Morbi ut odio.',500,'dictumst');
Insert into SYSTEM.THUOC (MATHUOC,TENTHUOC,CONGDUNG,CHONGCHIDINH,GIA,DONVI) values ('49999-455','moxifloxacin hydrochloride','Nullam sit amet turpis elementum ligula vehicula consequat. Morbi a ipsum. Integer a nibh.','Proin leo odio, porttitor id, consequat in, consequat ut, nulla. Sed accumsan felis. Ut at dolor quis odio consequat varius.',2900,'maecenas tincidunt lacus');
Insert into SYSTEM.THUOC (MATHUOC,TENTHUOC,CONGDUNG,CHONGCHIDINH,GIA,DONVI) values ('11822-2461','Colloidal Oatmeal','Proin leo odio, porttitor id, consequat in, consequat ut, nulla. Sed accumsan felis. Ut at dolor quis odio consequat varius.','Fusce consequat. Nulla nisl. Nunc nisl.',3500,'volutpat');
Insert into SYSTEM.THUOC (MATHUOC,TENTHUOC,CONGDUNG,CHONGCHIDINH,GIA,DONVI) values ('0143-9924','Cefazolin','Duis consequat dui nec nisi volutpat eleifend. Donec ut dolor. Morbi vel lectus in quam fringilla rhoncus.','Maecenas ut massa quis augue luctus tincidunt. Nulla mollis molestie lorem. Quisque ut erat.',100,'et ultrices');
Insert into SYSTEM.THUOC (MATHUOC,TENTHUOC,CONGDUNG,CHONGCHIDINH,GIA,DONVI) values ('55758-007','DEXTROMETHORPHAN HYDROBROMIDE and GUAIFENESIN','Sed ante. Vivamus tortor. Duis mattis egestas metus.','Morbi non lectus. Aliquam sit amet diam in magna bibendum imperdiet. Nullam orci pede, venenatis non, sodales sed, tincidunt eu, felis.',3000,'blandit nam nulla');
Insert into SYSTEM.THUOC (MATHUOC,TENTHUOC,CONGDUNG,CHONGCHIDINH,GIA,DONVI) values ('65862-172','Topiramate','Fusce posuere felis sed lacus. Morbi sem mauris, laoreet ut, rhoncus aliquet, pulvinar sed, nisl. Nunc rhoncus dui vel sem.','Morbi non lectus. Aliquam sit amet diam in magna bibendum imperdiet. Nullam orci pede, venenatis non, sodales sed, tincidunt eu, felis.',4300,'sagittis sapien');
Insert into SYSTEM.THUOC (MATHUOC,TENTHUOC,CONGDUNG,CHONGCHIDINH,GIA,DONVI) values ('54622-104','ALCOHOL','Proin leo odio, porttitor id, consequat in, consequat ut, nulla. Sed accumsan felis. Ut at dolor quis odio consequat varius.','Cras mi pede, malesuada in, imperdiet et, commodo vulputate, justo. In blandit ultrices enim. Lorem ipsum dolor sit amet, consectetuer adipiscing elit.',700,'et');
Insert into SYSTEM.THUOC (MATHUOC,TENTHUOC,CONGDUNG,CHONGCHIDINH,GIA,DONVI) values ('0781-5275','Donepezil Hydrochloride','Duis aliquam convallis nunc. Proin at turpis a pede posuere nonummy. Integer non velit.','Duis bibendum. Morbi non quam nec dui luctus rutrum. Nulla tellus.',1700,'arcu');
Insert into SYSTEM.THUOC (MATHUOC,TENTHUOC,CONGDUNG,CHONGCHIDINH,GIA,DONVI) values ('67510-0057','Tolnaftate','Fusce posuere felis sed lacus. Morbi sem mauris, laoreet ut, rhoncus aliquet, pulvinar sed, nisl. Nunc rhoncus dui vel sem.','Quisque porta volutpat erat. Quisque erat eros, viverra eget, congue eget, semper rutrum, nulla. Nunc purus.',5400,'maecenas tristique');
Insert into SYSTEM.THUOC (MATHUOC,TENTHUOC,CONGDUNG,CHONGCHIDINH,GIA,DONVI) values ('10812-321','Avobenzone, Homosalate, Octisalate, Octocrylene, and Oxybenzone','Aliquam quis turpis eget elit sodales scelerisque. Mauris sit amet eros. Suspendisse accumsan tortor quis turpis.','Sed ante. Vivamus tortor. Duis mattis egestas metus.',8000,'in blandit');
Insert into SYSTEM.THUOC (MATHUOC,TENTHUOC,CONGDUNG,CHONGCHIDINH,GIA,DONVI) values ('60429-348','Phenelzine Sulfate','In sagittis dui vel nisl. Duis ac nibh. Fusce lacus purus, aliquet at, feugiat non, pretium quis, lectus.','Duis consequat dui nec nisi volutpat eleifend. Donec ut dolor. Morbi vel lectus in quam fringilla rhoncus.',6400,'lacus at velit');
Insert into SYSTEM.THUOC (MATHUOC,TENTHUOC,CONGDUNG,CHONGCHIDINH,GIA,DONVI) values ('60512-6568','CARDUUS MARIANUS','Cras non velit nec nisi vulputate nonummy. Maecenas tincidunt lacus at velit. Vivamus vel nulla eget eros elementum pellentesque.','In hac habitasse platea dictumst. Morbi vestibulum, velit id pretium iaculis, diam erat fermentum justo, nec condimentum neque sapien placerat ante. Nulla justo.',1900,'vulputate justo in');
Insert into SYSTEM.THUOC (MATHUOC,TENTHUOC,CONGDUNG,CHONGCHIDINH,GIA,DONVI) values ('68472-119','OCTINOXATE','Donec diam neque, vestibulum eget, vulputate ut, ultrices vel, augue. Vestibulum ante ipsum primis in faucibus orci luctus et ultrices posuere cubilia Curae; Donec pharetra, magna vestibulum aliquet ultrices, erat tortor sollicitudin mi, sit amet lobortis sapien sapien non mi. Integer ac neque.','Cras mi pede, malesuada in, imperdiet et, commodo vulputate, justo. In blandit ultrices enim. Lorem ipsum dolor sit amet, consectetuer adipiscing elit.',3700,'imperdiet et');
Insert into SYSTEM.THUOC (MATHUOC,TENTHUOC,CONGDUNG,CHONGCHIDINH,GIA,DONVI) values ('25000-138','Naproxen','Praesent blandit. Nam nulla. Integer pede justo, lacinia eget, tincidunt eget, tempus vel, pede.','Duis bibendum, felis sed interdum venenatis, turpis enim blandit mi, in porttitor pede justo eu massa. Donec dapibus. Duis at velit eu est congue elementum.',100,'consectetuer');
Insert into SYSTEM.THUOC (MATHUOC,TENTHUOC,CONGDUNG,CHONGCHIDINH,GIA,DONVI) values ('0536-2425','Chloraseptic','Morbi porttitor lorem id ligula. Suspendisse ornare consequat lectus. In est risus, auctor sed, tristique in, tempus sit amet, sem.','Quisque porta volutpat erat. Quisque erat eros, viverra eget, congue eget, semper rutrum, nulla. Nunc purus.',5100,'feugiat non');
Insert into SYSTEM.THUOC (MATHUOC,TENTHUOC,CONGDUNG,CHONGCHIDINH,GIA,DONVI) values ('49884-835','Morphine Sulfate','In quis justo. Maecenas rhoncus aliquam lacus. Morbi quis tortor id nulla ultrices aliquet.','Fusce posuere felis sed lacus. Morbi sem mauris, laoreet ut, rhoncus aliquet, pulvinar sed, nisl. Nunc rhoncus dui vel sem.',4100,'ut massa');
Insert into SYSTEM.THUOC (MATHUOC,TENTHUOC,CONGDUNG,CHONGCHIDINH,GIA,DONVI) values ('36987-2975','Scrub Pine','Nulla ut erat id mauris vulputate elementum. Nullam varius. Nulla facilisi.','Proin interdum mauris non ligula pellentesque ultrices. Phasellus id sapien in sapien iaculis congue. Vivamus metus arcu, adipiscing molestie, hendrerit at, vulputate vitae, nisl.',6700,'dui luctus');
Insert into SYSTEM.THUOC (MATHUOC,TENTHUOC,CONGDUNG,CHONGCHIDINH,GIA,DONVI) values ('33992-4949','Ethyl Alcohol','Cum sociis natoque penatibus et magnis dis parturient montes, nascetur ridiculus mus. Vivamus vestibulum sagittis sapien. Cum sociis natoque penatibus et magnis dis parturient montes, nascetur ridiculus mus.','Curabitur in libero ut massa volutpat convallis. Morbi odio odio, elementum eu, interdum eu, tincidunt in, leo. Maecenas pulvinar lobortis est.',8400,'interdum in');
Insert into SYSTEM.THUOC (MATHUOC,TENTHUOC,CONGDUNG,CHONGCHIDINH,GIA,DONVI) values ('0009-0331','clindamycin hydrochloride','Phasellus sit amet erat. Nulla tempus. Vivamus in felis eu sapien cursus vestibulum.','Morbi non lectus. Aliquam sit amet diam in magna bibendum imperdiet. Nullam orci pede, venenatis non, sodales sed, tincidunt eu, felis.',6000,'convallis morbi odio');
Insert into SYSTEM.THUOC (MATHUOC,TENTHUOC,CONGDUNG,CHONGCHIDINH,GIA,DONVI) values ('0280-1159','Acetaminophen, Dextromethorphan hydrobromide, guaifenesin, and Phenylephrine hydrochloride','Proin leo odio, porttitor id, consequat in, consequat ut, nulla. Sed accumsan felis. Ut at dolor quis odio consequat varius.','Curabitur at ipsum ac tellus semper interdum. Mauris ullamcorper purus sit amet nulla. Quisque arcu libero, rutrum ac, lobortis vel, dapibus at, diam.',3800,'adipiscing');
Insert into SYSTEM.THUOC (MATHUOC,TENTHUOC,CONGDUNG,CHONGCHIDINH,GIA,DONVI) values ('0135-0435','sodium fluoride','Fusce posuere felis sed lacus. Morbi sem mauris, laoreet ut, rhoncus aliquet, pulvinar sed, nisl. Nunc rhoncus dui vel sem.','Proin interdum mauris non ligula pellentesque ultrices. Phasellus id sapien in sapien iaculis congue. Vivamus metus arcu, adipiscing molestie, hendrerit at, vulputate vitae, nisl.',9200,'amet sapien dignissim');
Insert into SYSTEM.THUOC (MATHUOC,TENTHUOC,CONGDUNG,CHONGCHIDINH,GIA,DONVI) values ('0067-0116','Simethicone','Maecenas tristique, est et tempus semper, est quam pharetra magna, ac consequat metus sapien ut nunc. Vestibulum ante ipsum primis in faucibus orci luctus et ultrices posuere cubilia Curae; Mauris viverra diam vitae quam. Suspendisse potenti.','Duis bibendum, felis sed interdum venenatis, turpis enim blandit mi, in porttitor pede justo eu massa. Donec dapibus. Duis at velit eu est congue elementum.',3900,'sapien sapien non');
Insert into SYSTEM.THUOC (MATHUOC,TENTHUOC,CONGDUNG,CHONGCHIDINH,GIA,DONVI) values ('16590-102','GABAPENTIN','Maecenas leo odio, condimentum id, luctus nec, molestie sed, justo. Pellentesque viverra pede ac diam. Cras pellentesque volutpat dui.','Pellentesque at nulla. Suspendisse potenti. Cras in purus eu magna vulputate luctus.',1000,'sapien placerat ante');
Insert into SYSTEM.THUOC (MATHUOC,TENTHUOC,CONGDUNG,CHONGCHIDINH,GIA,DONVI) values ('0409-4011','VERAPAMIL HYDROCHLORIDE','Fusce posuere felis sed lacus. Morbi sem mauris, laoreet ut, rhoncus aliquet, pulvinar sed, nisl. Nunc rhoncus dui vel sem.','Duis bibendum. Morbi non quam nec dui luctus rutrum. Nulla tellus.',5900,'odio');
Insert into SYSTEM.THUOC (MATHUOC,TENTHUOC,CONGDUNG,CHONGCHIDINH,GIA,DONVI) values ('51389-120','OCTOCRYLENE AVOBENZONE OCTISALATE','Proin leo odio, porttitor id, consequat in, consequat ut, nulla. Sed accumsan felis. Ut at dolor quis odio consequat varius.','Proin eu mi. Nulla ac enim. In tempor, turpis nec euismod scelerisque, quam turpis adipiscing lorem, vitae mattis nibh ligula nec sem.',3200,'lorem ipsum');
Insert into SYSTEM.THUOC (MATHUOC,TENTHUOC,CONGDUNG,CHONGCHIDINH,GIA,DONVI) values ('50201-0246','ASPIRIN, CHLORPHENIRAMINE MALEATE, PHENYLEPHRINE BITARTRATE','Sed sagittis. Nam congue, risus semper porta volutpat, quam pede lobortis ligula, sit amet eleifend pede libero quis orci. Nullam molestie nibh in lectus.','Proin interdum mauris non ligula pellentesque ultrices. Phasellus id sapien in sapien iaculis congue. Vivamus metus arcu, adipiscing molestie, hendrerit at, vulputate vitae, nisl.',7600,'lorem ipsum');
Insert into SYSTEM.THUOC (MATHUOC,TENTHUOC,CONGDUNG,CHONGCHIDINH,GIA,DONVI) values ('52959-535','temazepam','Aenean fermentum. Donec ut mauris eget massa tempor convallis. Nulla neque libero, convallis eget, eleifend luctus, ultricies eu, nibh.','Duis consequat dui nec nisi volutpat eleifend. Donec ut dolor. Morbi vel lectus in quam fringilla rhoncus.',1700,'consectetuer adipiscing elit');
Insert into SYSTEM.THUOC (MATHUOC,TENTHUOC,CONGDUNG,CHONGCHIDINH,GIA,DONVI) values ('54868-5876','miconazole nitrate','Aenean lectus. Pellentesque eget nunc. Donec quis orci eget orci vehicula condimentum.','Praesent id massa id nisl venenatis lacinia. Aenean sit amet justo. Morbi ut odio.',1700,'convallis nulla neque');
Insert into SYSTEM.THUOC (MATHUOC,TENTHUOC,CONGDUNG,CHONGCHIDINH,GIA,DONVI) values ('0268-6643','Virginia Live Oak','Cras mi pede, malesuada in, imperdiet et, commodo vulputate, justo. In blandit ultrices enim. Lorem ipsum dolor sit amet, consectetuer adipiscing elit.','Proin eu mi. Nulla ac enim. In tempor, turpis nec euismod scelerisque, quam turpis adipiscing lorem, vitae mattis nibh ligula nec sem.',1300,'justo nec condimentum');
Insert into SYSTEM.THUOC (MATHUOC,TENTHUOC,CONGDUNG,CHONGCHIDINH,GIA,DONVI) values ('58118-1812','Nortriptyline Hydrochloride','Maecenas tristique, est et tempus semper, est quam pharetra magna, ac consequat metus sapien ut nunc. Vestibulum ante ipsum primis in faucibus orci luctus et ultrices posuere cubilia Curae; Mauris viverra diam vitae quam. Suspendisse potenti.','Quisque porta volutpat erat. Quisque erat eros, viverra eget, congue eget, semper rutrum, nulla. Nunc purus.',5500,'pulvinar');
Insert into SYSTEM.THUOC (MATHUOC,TENTHUOC,CONGDUNG,CHONGCHIDINH,GIA,DONVI) values ('0781-5748','methylphenidate hydrochloride','Phasellus sit amet erat. Nulla tempus. Vivamus in felis eu sapien cursus vestibulum.','Fusce posuere felis sed lacus. Morbi sem mauris, laoreet ut, rhoncus aliquet, pulvinar sed, nisl. Nunc rhoncus dui vel sem.',400,'ac lobortis');
Insert into SYSTEM.THUOC (MATHUOC,TENTHUOC,CONGDUNG,CHONGCHIDINH,GIA,DONVI) values ('0703-7023','Haloperidol Decanoate','Cras non velit nec nisi vulputate nonummy. Maecenas tincidunt lacus at velit. Vivamus vel nulla eget eros elementum pellentesque.','Maecenas tristique, est et tempus semper, est quam pharetra magna, ac consequat metus sapien ut nunc. Vestibulum ante ipsum primis in faucibus orci luctus et ultrices posuere cubilia Curae; Mauris viverra diam vitae quam. Suspendisse potenti.',8400,'quis orci');
Insert into SYSTEM.THUOC (MATHUOC,TENTHUOC,CONGDUNG,CHONGCHIDINH,GIA,DONVI) values ('68084-863','Hydrocodone Bitartrate And Acetaminophen','Lorem ipsum dolor sit amet, consectetuer adipiscing elit. Proin risus. Praesent lectus.','Proin interdum mauris non ligula pellentesque ultrices. Phasellus id sapien in sapien iaculis congue. Vivamus metus arcu, adipiscing molestie, hendrerit at, vulputate vitae, nisl.',100,'amet sem fusce');
Insert into SYSTEM.THUOC (MATHUOC,TENTHUOC,CONGDUNG,CHONGCHIDINH,GIA,DONVI) values ('35356-958','Oxybutynin Chloride','Sed sagittis. Nam congue, risus semper porta volutpat, quam pede lobortis ligula, sit amet eleifend pede libero quis orci. Nullam molestie nibh in lectus.','Aenean fermentum. Donec ut mauris eget massa tempor convallis. Nulla neque libero, convallis eget, eleifend luctus, ultricies eu, nibh.',7100,'eu massa');
Insert into SYSTEM.THUOC (MATHUOC,TENTHUOC,CONGDUNG,CHONGCHIDINH,GIA,DONVI) values ('36987-2168','Wheat Smut','Nulla ut erat id mauris vulputate elementum. Nullam varius. Nulla facilisi.','Maecenas ut massa quis augue luctus tincidunt. Nulla mollis molestie lorem. Quisque ut erat.',4800,'aenean');
Insert into SYSTEM.THUOC (MATHUOC,TENTHUOC,CONGDUNG,CHONGCHIDINH,GIA,DONVI) values ('0268-0821','ASPERGILLUS FUMIGATUS','Praesent id massa id nisl venenatis lacinia. Aenean sit amet justo. Morbi ut odio.','In hac habitasse platea dictumst. Etiam faucibus cursus urna. Ut tellus.',1600,'consequat');
Insert into SYSTEM.THUOC (MATHUOC,TENTHUOC,CONGDUNG,CHONGCHIDINH,GIA,DONVI) values ('44911-0052','Aconitum Napellus, Arsenicum Album, Baptisia Tinctoria, Belladonna, Bryonia, Causticum, Echinacea, Eupatorium Perfoliatum','Quisque porta volutpat erat. Quisque erat eros, viverra eget, congue eget, semper rutrum, nulla. Nunc purus.','Aliquam quis turpis eget elit sodales scelerisque. Mauris sit amet eros. Suspendisse accumsan tortor quis turpis.',5000,'ultrices posuere');
Insert into SYSTEM.THUOC (MATHUOC,TENTHUOC,CONGDUNG,CHONGCHIDINH,GIA,DONVI) values ('36987-2352','Para Grass Pollen','Sed sagittis. Nam congue, risus semper porta volutpat, quam pede lobortis ligula, sit amet eleifend pede libero quis orci. Nullam molestie nibh in lectus.','Proin interdum mauris non ligula pellentesque ultrices. Phasellus id sapien in sapien iaculis congue. Vivamus metus arcu, adipiscing molestie, hendrerit at, vulputate vitae, nisl.',8200,'diam nam');
Insert into SYSTEM.THUOC (MATHUOC,TENTHUOC,CONGDUNG,CHONGCHIDINH,GIA,DONVI) values ('60764-009','Titanium Dioxide','In quis justo. Maecenas rhoncus aliquam lacus. Morbi quis tortor id nulla ultrices aliquet.','Cum sociis natoque penatibus et magnis dis parturient montes, nascetur ridiculus mus. Vivamus vestibulum sagittis sapien. Cum sociis natoque penatibus et magnis dis parturient montes, nascetur ridiculus mus.',4100,'donec vitae nisi');
Insert into SYSTEM.THUOC (MATHUOC,TENTHUOC,CONGDUNG,CHONGCHIDINH,GIA,DONVI) values ('64720-132','Dextroamphetamine saccharate and amphetamine aspartate monohydrate and dextroamphetamine sulfate and amphetamine sulfate','Curabitur in libero ut massa volutpat convallis. Morbi odio odio, elementum eu, interdum eu, tincidunt in, leo. Maecenas pulvinar lobortis est.','Quisque porta volutpat erat. Quisque erat eros, viverra eget, congue eget, semper rutrum, nulla. Nunc purus.',3600,'tempus');
Insert into SYSTEM.THUOC (MATHUOC,TENTHUOC,CONGDUNG,CHONGCHIDINH,GIA,DONVI) values ('42783-601','Doxycycline','Proin interdum mauris non ligula pellentesque ultrices. Phasellus id sapien in sapien iaculis congue. Vivamus metus arcu, adipiscing molestie, hendrerit at, vulputate vitae, nisl.','Cum sociis natoque penatibus et magnis dis parturient montes, nascetur ridiculus mus. Vivamus vestibulum sagittis sapien. Cum sociis natoque penatibus et magnis dis parturient montes, nascetur ridiculus mus.',5000,'morbi porttitor lorem');
Insert into SYSTEM.THUOC (MATHUOC,TENTHUOC,CONGDUNG,CHONGCHIDINH,GIA,DONVI) values ('49035-224','Loperamide Hydrochloride','Proin interdum mauris non ligula pellentesque ultrices. Phasellus id sapien in sapien iaculis congue. Vivamus metus arcu, adipiscing molestie, hendrerit at, vulputate vitae, nisl.','Phasellus sit amet erat. Nulla tempus. Vivamus in felis eu sapien cursus vestibulum.',6600,'in hac habitasse');
Insert into SYSTEM.THUOC (MATHUOC,TENTHUOC,CONGDUNG,CHONGCHIDINH,GIA,DONVI) values ('60681-1277','serratia marcescens','Proin interdum mauris non ligula pellentesque ultrices. Phasellus id sapien in sapien iaculis congue. Vivamus metus arcu, adipiscing molestie, hendrerit at, vulputate vitae, nisl.','Duis consequat dui nec nisi volutpat eleifend. Donec ut dolor. Morbi vel lectus in quam fringilla rhoncus.',500,'morbi');
Insert into SYSTEM.THUOC (MATHUOC,TENTHUOC,CONGDUNG,CHONGCHIDINH,GIA,DONVI) values ('68737-227','Acetaminophen, Dextromethorphan Hydrobromide, Guaifenesin, and Phenylephrine Hydrochloride','Vestibulum quam sapien, varius ut, blandit non, interdum in, ante. Vestibulum ante ipsum primis in faucibus orci luctus et ultrices posuere cubilia Curae; Duis faucibus accumsan odio. Curabitur convallis.','Phasellus in felis. Donec semper sapien a libero. Nam dui.',3300,'consequat lectus in');
Insert into SYSTEM.THUOC (MATHUOC,TENTHUOC,CONGDUNG,CHONGCHIDINH,GIA,DONVI) values ('63629-4980','Fentanyl','Sed sagittis. Nam congue, risus semper porta volutpat, quam pede lobortis ligula, sit amet eleifend pede libero quis orci. Nullam molestie nibh in lectus.','Cum sociis natoque penatibus et magnis dis parturient montes, nascetur ridiculus mus. Vivamus vestibulum sagittis sapien. Cum sociis natoque penatibus et magnis dis parturient montes, nascetur ridiculus mus.',1000,'nisl');
Insert into SYSTEM.THUOC (MATHUOC,TENTHUOC,CONGDUNG,CHONGCHIDINH,GIA,DONVI) values ('63739-500','Lorazepam','Duis bibendum, felis sed interdum venenatis, turpis enim blandit mi, in porttitor pede justo eu massa. Donec dapibus. Duis at velit eu est congue elementum.','Curabitur gravida nisi at nibh. In hac habitasse platea dictumst. Aliquam augue quam, sollicitudin vitae, consectetuer eget, rutrum at, lorem.',2500,'gravida nisi at');
Insert into SYSTEM.THUOC (MATHUOC,TENTHUOC,CONGDUNG,CHONGCHIDINH,GIA,DONVI) values ('0268-6761','California Walnut Black Pollen','Etiam vel augue. Vestibulum rutrum rutrum neque. Aenean auctor gravida sem.','Nullam sit amet turpis elementum ligula vehicula consequat. Morbi a ipsum. Integer a nibh.',9400,'primis');
Insert into SYSTEM.THUOC (MATHUOC,TENTHUOC,CONGDUNG,CHONGCHIDINH,GIA,DONVI) values ('13537-101','Octinoxate and Oxybenzone','Proin interdum mauris non ligula pellentesque ultrices. Phasellus id sapien in sapien iaculis congue. Vivamus metus arcu, adipiscing molestie, hendrerit at, vulputate vitae, nisl.','Fusce consequat. Nulla nisl. Nunc nisl.',5200,'sodales');
Insert into SYSTEM.THUOC (MATHUOC,TENTHUOC,CONGDUNG,CHONGCHIDINH,GIA,DONVI) values ('57472-004','Carbon Dioxide','Duis bibendum. Morbi non quam nec dui luctus rutrum. Nulla tellus.','Proin leo odio, porttitor id, consequat in, consequat ut, nulla. Sed accumsan felis. Ut at dolor quis odio consequat varius.',600,'at');
Insert into SYSTEM.THUOC (MATHUOC,TENTHUOC,CONGDUNG,CHONGCHIDINH,GIA,DONVI) values ('13925-160','Lidocaine Hydrochloride and Hydrocortisone Acetate','Maecenas tristique, est et tempus semper, est quam pharetra magna, ac consequat metus sapien ut nunc. Vestibulum ante ipsum primis in faucibus orci luctus et ultrices posuere cubilia Curae; Mauris viverra diam vitae quam. Suspendisse potenti.','Donec diam neque, vestibulum eget, vulputate ut, ultrices vel, augue. Vestibulum ante ipsum primis in faucibus orci luctus et ultrices posuere cubilia Curae; Donec pharetra, magna vestibulum aliquet ultrices, erat tortor sollicitudin mi, sit amet lobortis sapien sapien non mi. Integer ac neque.',5700,'leo');
Insert into SYSTEM.THUOC (MATHUOC,TENTHUOC,CONGDUNG,CHONGCHIDINH,GIA,DONVI) values ('42254-054','Gabapentin','Lorem ipsum dolor sit amet, consectetuer adipiscing elit. Proin risus. Praesent lectus.','Proin interdum mauris non ligula pellentesque ultrices. Phasellus id sapien in sapien iaculis congue. Vivamus metus arcu, adipiscing molestie, hendrerit at, vulputate vitae, nisl.',6800,'nullam');
Insert into SYSTEM.THUOC (MATHUOC,TENTHUOC,CONGDUNG,CHONGCHIDINH,GIA,DONVI) values ('53440-005','Air','In hac habitasse platea dictumst. Morbi vestibulum, velit id pretium iaculis, diam erat fermentum justo, nec condimentum neque sapien placerat ante. Nulla justo.','Fusce posuere felis sed lacus. Morbi sem mauris, laoreet ut, rhoncus aliquet, pulvinar sed, nisl. Nunc rhoncus dui vel sem.',4400,'dapibus duis at');
Insert into SYSTEM.THUOC (MATHUOC,TENTHUOC,CONGDUNG,CHONGCHIDINH,GIA,DONVI) values ('59779-889','Acetaminophen, Phenylephrine HCl, Dextromethorphan HBr, Guiafenesin','Mauris enim leo, rhoncus sed, vestibulum sit amet, cursus id, turpis. Integer aliquet, massa id lobortis convallis, tortor risus dapibus augue, vel accumsan tellus nisi eu orci. Mauris lacinia sapien quis libero.','Nullam porttitor lacus at turpis. Donec posuere metus vitae ipsum. Aliquam non mauris.',7500,'tristique tortor');
Insert into SYSTEM.THUOC (MATHUOC,TENTHUOC,CONGDUNG,CHONGCHIDINH,GIA,DONVI) values ('17630-2019','Avobenzone and Octocrylene and Oxybenzone','Pellentesque at nulla. Suspendisse potenti. Cras in purus eu magna vulputate luctus.','Donec diam neque, vestibulum eget, vulputate ut, ultrices vel, augue. Vestibulum ante ipsum primis in faucibus orci luctus et ultrices posuere cubilia Curae; Donec pharetra, magna vestibulum aliquet ultrices, erat tortor sollicitudin mi, sit amet lobortis sapien sapien non mi. Integer ac neque.',3200,'amet');
Insert into SYSTEM.THUOC (MATHUOC,TENTHUOC,CONGDUNG,CHONGCHIDINH,GIA,DONVI) values ('54973-3223','ATROPA BELLADONNA, LYTTA VESICATORIA, APIS MELLIFERA, ARNICA MONTANA, ONION, RHUS AROMATICA ROOT BARK, and EQUISETUM HYEMALE','Lorem ipsum dolor sit amet, consectetuer adipiscing elit. Proin risus. Praesent lectus.','Etiam vel augue. Vestibulum rutrum rutrum neque. Aenean auctor gravida sem.',5600,'vivamus');
Insert into SYSTEM.THUOC (MATHUOC,TENTHUOC,CONGDUNG,CHONGCHIDINH,GIA,DONVI) values ('37205-931','phenylephrine hcl, brompheniramine maleate','Duis aliquam convallis nunc. Proin at turpis a pede posuere nonummy. Integer non velit.','Etiam vel augue. Vestibulum rutrum rutrum neque. Aenean auctor gravida sem.',4500,'sapien');
Insert into SYSTEM.THUOC (MATHUOC,TENTHUOC,CONGDUNG,CHONGCHIDINH,GIA,DONVI) values ('0093-5787','Entecavir','Fusce posuere felis sed lacus. Morbi sem mauris, laoreet ut, rhoncus aliquet, pulvinar sed, nisl. Nunc rhoncus dui vel sem.','Curabitur gravida nisi at nibh. In hac habitasse platea dictumst. Aliquam augue quam, sollicitudin vitae, consectetuer eget, rutrum at, lorem.',2800,'duis');
Insert into SYSTEM.THUOC (MATHUOC,TENTHUOC,CONGDUNG,CHONGCHIDINH,GIA,DONVI) values ('0869-0211','ISOPROPYL ALCOHOL','Proin eu mi. Nulla ac enim. In tempor, turpis nec euismod scelerisque, quam turpis adipiscing lorem, vitae mattis nibh ligula nec sem.','Maecenas tristique, est et tempus semper, est quam pharetra magna, ac consequat metus sapien ut nunc. Vestibulum ante ipsum primis in faucibus orci luctus et ultrices posuere cubilia Curae; Mauris viverra diam vitae quam. Suspendisse potenti.',8100,'proin leo odio');
Insert into SYSTEM.THUOC (MATHUOC,TENTHUOC,CONGDUNG,CHONGCHIDINH,GIA,DONVI) values ('27505-004','APOMORPHINE HYDROCHLORIDE','Duis bibendum. Morbi non quam nec dui luctus rutrum. Nulla tellus.','Proin interdum mauris non ligula pellentesque ultrices. Phasellus id sapien in sapien iaculis congue. Vivamus metus arcu, adipiscing molestie, hendrerit at, vulputate vitae, nisl.',9800,'augue aliquam');
Insert into SYSTEM.THUOC (MATHUOC,TENTHUOC,CONGDUNG,CHONGCHIDINH,GIA,DONVI) values ('0942-6326','Anticoagulant Citrate Phosphate Dextrose Adenine','Cum sociis natoque penatibus et magnis dis parturient montes, nascetur ridiculus mus. Vivamus vestibulum sagittis sapien. Cum sociis natoque penatibus et magnis dis parturient montes, nascetur ridiculus mus.','Phasellus sit amet erat. Nulla tempus. Vivamus in felis eu sapien cursus vestibulum.',3200,'mi sit amet');
Insert into SYSTEM.THUOC (MATHUOC,TENTHUOC,CONGDUNG,CHONGCHIDINH,GIA,DONVI) values ('60986-1003','Formicum acidum, Lachesis mutus, luffa Operculata. Petroleum, Rhus Toxicodebdron, Aralai racemosa,Galphimia glauca, thuja occidentalis, Urtica dicica and Cardiospermum','Integer ac leo. Pellentesque ultrices mattis odio. Donec vitae nisi.','Vestibulum quam sapien, varius ut, blandit non, interdum in, ante. Vestibulum ante ipsum primis in faucibus orci luctus et ultrices posuere cubilia Curae; Duis faucibus accumsan odio. Curabitur convallis.',7900,'varius');
Insert into SYSTEM.THUOC (MATHUOC,TENTHUOC,CONGDUNG,CHONGCHIDINH,GIA,DONVI) values ('65044-4708','AP House Dust Mix','Donec diam neque, vestibulum eget, vulputate ut, ultrices vel, augue. Vestibulum ante ipsum primis in faucibus orci luctus et ultrices posuere cubilia Curae; Donec pharetra, magna vestibulum aliquet ultrices, erat tortor sollicitudin mi, sit amet lobortis sapien sapien non mi. Integer ac neque.','Phasellus sit amet erat. Nulla tempus. Vivamus in felis eu sapien cursus vestibulum.',6000,'vel');
Insert into SYSTEM.THUOC (MATHUOC,TENTHUOC,CONGDUNG,CHONGCHIDINH,GIA,DONVI) values ('65862-118','Benazepril Hydrochloride','Cum sociis natoque penatibus et magnis dis parturient montes, nascetur ridiculus mus. Vivamus vestibulum sagittis sapien. Cum sociis natoque penatibus et magnis dis parturient montes, nascetur ridiculus mus.','Fusce posuere felis sed lacus. Morbi sem mauris, laoreet ut, rhoncus aliquet, pulvinar sed, nisl. Nunc rhoncus dui vel sem.',300,'est risus auctor');
Insert into SYSTEM.THUOC (MATHUOC,TENTHUOC,CONGDUNG,CHONGCHIDINH,GIA,DONVI) values ('68151-0149','Ethambutol Hydrochloride','Morbi porttitor lorem id ligula. Suspendisse ornare consequat lectus. In est risus, auctor sed, tristique in, tempus sit amet, sem.','Curabitur gravida nisi at nibh. In hac habitasse platea dictumst. Aliquam augue quam, sollicitudin vitae, consectetuer eget, rutrum at, lorem.',5000,'ipsum primis in');
Insert into SYSTEM.THUOC (MATHUOC,TENTHUOC,CONGDUNG,CHONGCHIDINH,GIA,DONVI) values ('59630-074','butalbital, acetaminophen and caffeine','Fusce posuere felis sed lacus. Morbi sem mauris, laoreet ut, rhoncus aliquet, pulvinar sed, nisl. Nunc rhoncus dui vel sem.','Sed ante. Vivamus tortor. Duis mattis egestas metus.',9600,'velit vivamus');
REM INSERTING into SYSTEM.TTDV
SET DEFINE OFF;
Insert into SYSTEM.TTDV (MALOAIDICHVU,MANV,MAHOADON,THOIGIANTHUCHIEN) values ('0RR60JZ','NV00397','HD7120',to_date('11-APR-20','DD-MON-RR'));
Insert into SYSTEM.TTDV (MALOAIDICHVU,MANV,MAHOADON,THOIGIANTHUCHIEN) values ('02174JS','NV00287','HD2156',to_date('22-MAY-20','DD-MON-RR'));
Insert into SYSTEM.TTDV (MALOAIDICHVU,MANV,MAHOADON,THOIGIANTHUCHIEN) values ('0X960ZX','NV00287','HD8183',to_date('25-NOV-20','DD-MON-RR'));
Insert into SYSTEM.TTDV (MALOAIDICHVU,MANV,MAHOADON,THOIGIANTHUCHIEN) values ('F08G5YZ','NV00335','HD5148',to_date('30-MAY-20','DD-MON-RR'));
Insert into SYSTEM.TTDV (MALOAIDICHVU,MANV,MAHOADON,THOIGIANTHUCHIEN) values ('0X960ZX','NV00277','HD5346',to_date('17-JUL-20','DD-MON-RR'));
Insert into SYSTEM.TTDV (MALOAIDICHVU,MANV,MAHOADON,THOIGIANTHUCHIEN) values ('0B937ZZ','NV00218','HD9891',to_date('06-MAY-20','DD-MON-RR'));
Insert into SYSTEM.TTDV (MALOAIDICHVU,MANV,MAHOADON,THOIGIANTHUCHIEN) values ('0D134K9','NV00501','HD9835',to_date('29-APR-20','DD-MON-RR'));
Insert into SYSTEM.TTDV (MALOAIDICHVU,MANV,MAHOADON,THOIGIANTHUCHIEN) values ('377076','NV00334','HD9296',to_date('03-JUL-20','DD-MON-RR'));
Insert into SYSTEM.TTDV (MALOAIDICHVU,MANV,MAHOADON,THOIGIANTHUCHIEN) values ('05QV3ZZ','NV00461','HD0259',to_date('06-SEP-20','DD-MON-RR'));
Insert into SYSTEM.TTDV (MALOAIDICHVU,MANV,MAHOADON,THOIGIANTHUCHIEN) values ('047C4D6','NV00461','HD3220',to_date('03-SEP-20','DD-MON-RR'));
Insert into SYSTEM.TTDV (MALOAIDICHVU,MANV,MAHOADON,THOIGIANTHUCHIEN) values ('0VMF0ZZ','NV00622','HD6066',to_date('30-APR-20','DD-MON-RR'));
Insert into SYSTEM.TTDV (MALOAIDICHVU,MANV,MAHOADON,THOIGIANTHUCHIEN) values ('09PH07Z','NV00202','HD4605',to_date('06-SEP-20','DD-MON-RR'));
Insert into SYSTEM.TTDV (MALOAIDICHVU,MANV,MAHOADON,THOIGIANTHUCHIEN) values ('0BV30CZ','NV00775','HD1221',to_date('09-OCT-20','DD-MON-RR'));
Insert into SYSTEM.TTDV (MALOAIDICHVU,MANV,MAHOADON,THOIGIANTHUCHIEN) values ('0RR60JZ','NV00691','HD7087',to_date('21-OCT-20','DD-MON-RR'));
Insert into SYSTEM.TTDV (MALOAIDICHVU,MANV,MAHOADON,THOIGIANTHUCHIEN) values ('0QH904Z','NV00826','HD3258',to_date('13-MAR-20','DD-MON-RR'));
Insert into SYSTEM.TTDV (MALOAIDICHVU,MANV,MAHOADON,THOIGIANTHUCHIEN) values ('0QPK35Z','NV00989','HD3088',to_date('12-SEP-20','DD-MON-RR'));
Insert into SYSTEM.TTDV (MALOAIDICHVU,MANV,MAHOADON,THOIGIANTHUCHIEN) values ('047C4D6','NV00172','HD0122',to_date('08-NOV-20','DD-MON-RR'));
Insert into SYSTEM.TTDV (MALOAIDICHVU,MANV,MAHOADON,THOIGIANTHUCHIEN) values ('F08G5YZ','NV00397','HD3796',to_date('18-NOV-20','DD-MON-RR'));
Insert into SYSTEM.TTDV (MALOAIDICHVU,MANV,MAHOADON,THOIGIANTHUCHIEN) values ('0RC00ZZ','NV00780','HD3399',to_date('26-FEB-20','DD-MON-RR'));
Insert into SYSTEM.TTDV (MALOAIDICHVU,MANV,MAHOADON,THOIGIANTHUCHIEN) values ('D9061ZZ','NV00826','HD8053',to_date('01-JUN-20','DD-MON-RR'));
Insert into SYSTEM.TTDV (MALOAIDICHVU,MANV,MAHOADON,THOIGIANTHUCHIEN) values ('BT1C0ZZ','NV00197','HD3331',to_date('17-JAN-20','DD-MON-RR'));
Insert into SYSTEM.TTDV (MALOAIDICHVU,MANV,MAHOADON,THOIGIANTHUCHIEN) values ('0DH93DZ','NV00252','HD7205',to_date('31-MAR-20','DD-MON-RR'));
Insert into SYSTEM.TTDV (MALOAIDICHVU,MANV,MAHOADON,THOIGIANTHUCHIEN) values ('0FU607Z','NV00287','HD0523',to_date('07-JUN-20','DD-MON-RR'));
Insert into SYSTEM.TTDV (MALOAIDICHVU,MANV,MAHOADON,THOIGIANTHUCHIEN) values ('02174JS','NV00529','HD2683',to_date('18-NOV-20','DD-MON-RR'));
Insert into SYSTEM.TTDV (MALOAIDICHVU,MANV,MAHOADON,THOIGIANTHUCHIEN) values ('0U9G80Z','NV00936','HD7516',to_date('19-APR-20','DD-MON-RR'));
Insert into SYSTEM.TTDV (MALOAIDICHVU,MANV,MAHOADON,THOIGIANTHUCHIEN) values ('05QV3ZZ','NV00455','HD2841',to_date('05-DEC-20','DD-MON-RR'));
Insert into SYSTEM.TTDV (MALOAIDICHVU,MANV,MAHOADON,THOIGIANTHUCHIEN) values ('0VMF0ZZ','NV00835','HD2785',to_date('13-FEB-20','DD-MON-RR'));
Insert into SYSTEM.TTDV (MALOAIDICHVU,MANV,MAHOADON,THOIGIANTHUCHIEN) values ('0B1','NV00691','HD2861',to_date('09-SEP-20','DD-MON-RR'));
Insert into SYSTEM.TTDV (MALOAIDICHVU,MANV,MAHOADON,THOIGIANTHUCHIEN) values ('0HR9X73','NV00869','HD2359',to_date('20-FEB-20','DD-MON-RR'));
Insert into SYSTEM.TTDV (MALOAIDICHVU,MANV,MAHOADON,THOIGIANTHUCHIEN) values ('0U9K0ZX','NV00548','HD1903',to_date('11-MAY-20','DD-MON-RR'));
Insert into SYSTEM.TTDV (MALOAIDICHVU,MANV,MAHOADON,THOIGIANTHUCHIEN) values ('0B937ZZ','NV00606','HD8896',to_date('16-JUL-20','DD-MON-RR'));
Insert into SYSTEM.TTDV (MALOAIDICHVU,MANV,MAHOADON,THOIGIANTHUCHIEN) values ('0U9G80Z','NV00296','HD5591',to_date('21-JAN-20','DD-MON-RR'));
Insert into SYSTEM.TTDV (MALOAIDICHVU,MANV,MAHOADON,THOIGIANTHUCHIEN) values ('F01L0ZZ','NV00597','HD0732',to_date('03-OCT-20','DD-MON-RR'));
Insert into SYSTEM.TTDV (MALOAIDICHVU,MANV,MAHOADON,THOIGIANTHUCHIEN) values ('0RR60JZ','NV00732','HD8939',to_date('12-FEB-20','DD-MON-RR'));
Insert into SYSTEM.TTDV (MALOAIDICHVU,MANV,MAHOADON,THOIGIANTHUCHIEN) values ('F06ZBYZ','NV00542','HD9525',to_date('03-FEB-20','DD-MON-RR'));
Insert into SYSTEM.TTDV (MALOAIDICHVU,MANV,MAHOADON,THOIGIANTHUCHIEN) values ('0RR60JZ','NV00252','HD4696',to_date('26-MAY-20','DD-MON-RR'));
Insert into SYSTEM.TTDV (MALOAIDICHVU,MANV,MAHOADON,THOIGIANTHUCHIEN) values ('0HR9X73','NV00835','HD0535',to_date('03-JUN-20','DD-MON-RR'));
Insert into SYSTEM.TTDV (MALOAIDICHVU,MANV,MAHOADON,THOIGIANTHUCHIEN) values ('0YPB4JZ','NV00597','HD4751',to_date('23-OCT-20','DD-MON-RR'));
Insert into SYSTEM.TTDV (MALOAIDICHVU,MANV,MAHOADON,THOIGIANTHUCHIEN) values ('03VV3DZ','NV00953','HD0561',to_date('10-APR-20','DD-MON-RR'));
Insert into SYSTEM.TTDV (MALOAIDICHVU,MANV,MAHOADON,THOIGIANTHUCHIEN) values ('0X0807Z','NV00732','HD8304',to_date('19-JUL-20','DD-MON-RR'));
Insert into SYSTEM.TTDV (MALOAIDICHVU,MANV,MAHOADON,THOIGIANTHUCHIEN) values ('F01L0ZZ','NV00902','HD5018',to_date('13-JAN-20','DD-MON-RR'));
Insert into SYSTEM.TTDV (MALOAIDICHVU,MANV,MAHOADON,THOIGIANTHUCHIEN) values ('06UY37Z','NV00277','HD1994',to_date('23-SEP-20','DD-MON-RR'));
Insert into SYSTEM.TTDV (MALOAIDICHVU,MANV,MAHOADON,THOIGIANTHUCHIEN) values ('03R34JZ','NV00202','HD9308',to_date('10-APR-20','DD-MON-RR'));
Insert into SYSTEM.TTDV (MALOAIDICHVU,MANV,MAHOADON,THOIGIANTHUCHIEN) values ('0RC00ZZ','NV00691','HD5909',to_date('27-MAY-20','DD-MON-RR'));
Insert into SYSTEM.TTDV (MALOAIDICHVU,MANV,MAHOADON,THOIGIANTHUCHIEN) values ('0DH93DZ','NV00501','HD7938',to_date('13-JUN-20','DD-MON-RR'));
Insert into SYSTEM.TTDV (MALOAIDICHVU,MANV,MAHOADON,THOIGIANTHUCHIEN) values ('0RR60JZ','NV00597','HD8494',to_date('15-JAN-20','DD-MON-RR'));
Insert into SYSTEM.TTDV (MALOAIDICHVU,MANV,MAHOADON,THOIGIANTHUCHIEN) values ('095P4ZZ','NV00427','HD6656',to_date('10-JUL-20','DD-MON-RR'));
Insert into SYSTEM.TTDV (MALOAIDICHVU,MANV,MAHOADON,THOIGIANTHUCHIEN) values ('377076','NV00936','HD8356',to_date('06-JUN-20','DD-MON-RR'));
Insert into SYSTEM.TTDV (MALOAIDICHVU,MANV,MAHOADON,THOIGIANTHUCHIEN) values ('377076','NV00252','HD3085',to_date('24-SEP-20','DD-MON-RR'));
Insert into SYSTEM.TTDV (MALOAIDICHVU,MANV,MAHOADON,THOIGIANTHUCHIEN) values ('377076','NV00606','HD7908',to_date('12-AUG-20','DD-MON-RR'));
Insert into SYSTEM.TTDV (MALOAIDICHVU,MANV,MAHOADON,THOIGIANTHUCHIEN) values ('377076','NV00659','HD7120',to_date('28-AUG-20','DD-MON-RR'));
Insert into SYSTEM.TTDV (MALOAIDICHVU,MANV,MAHOADON,THOIGIANTHUCHIEN) values ('03R34JZ','NV00113','HD2156',to_date('04-DEC-20','DD-MON-RR'));
Insert into SYSTEM.TTDV (MALOAIDICHVU,MANV,MAHOADON,THOIGIANTHUCHIEN) values ('BT1C0ZZ','NV00427','HD8183',to_date('14-AUG-20','DD-MON-RR'));
Insert into SYSTEM.TTDV (MALOAIDICHVU,MANV,MAHOADON,THOIGIANTHUCHIEN) values ('02724TZ','NV00597','HD5148',to_date('20-APR-20','DD-MON-RR'));
Insert into SYSTEM.TTDV (MALOAIDICHVU,MANV,MAHOADON,THOIGIANTHUCHIEN) values ('0B937ZZ','NV00043','HD5346',to_date('23-JAN-20','DD-MON-RR'));
Insert into SYSTEM.TTDV (MALOAIDICHVU,MANV,MAHOADON,THOIGIANTHUCHIEN) values ('F01L0ZZ','NV00835','HD9891',to_date('08-MAR-20','DD-MON-RR'));
Insert into SYSTEM.TTDV (MALOAIDICHVU,MANV,MAHOADON,THOIGIANTHUCHIEN) values ('0VJS4ZZ','NV00131','HD9835',to_date('14-AUG-20','DD-MON-RR'));
Insert into SYSTEM.TTDV (MALOAIDICHVU,MANV,MAHOADON,THOIGIANTHUCHIEN) values ('30273J1','NV00296','HD9296',to_date('29-APR-20','DD-MON-RR'));
Insert into SYSTEM.TTDV (MALOAIDICHVU,MANV,MAHOADON,THOIGIANTHUCHIEN) values ('2W0GXYZ','NV00397','HD0259',to_date('04-MAY-20','DD-MON-RR'));
Insert into SYSTEM.TTDV (MALOAIDICHVU,MANV,MAHOADON,THOIGIANTHUCHIEN) values ('0D134K9','NV00469','HD3220',to_date('06-JUL-20','DD-MON-RR'));
Insert into SYSTEM.TTDV (MALOAIDICHVU,MANV,MAHOADON,THOIGIANTHUCHIEN) values ('06UY37Z','NV00622','HD6066',to_date('09-JUN-20','DD-MON-RR'));
Insert into SYSTEM.TTDV (MALOAIDICHVU,MANV,MAHOADON,THOIGIANTHUCHIEN) values ('09PH07Z','NV00335','HD4605',to_date('14-MAY-20','DD-MON-RR'));
Insert into SYSTEM.TTDV (MALOAIDICHVU,MANV,MAHOADON,THOIGIANTHUCHIEN) values ('0YPB4JZ','NV00936','HD1221',to_date('31-JAN-20','DD-MON-RR'));
Insert into SYSTEM.TTDV (MALOAIDICHVU,MANV,MAHOADON,THOIGIANTHUCHIEN) values ('095P4ZZ','NV00277','HD7087',to_date('21-JUN-20','DD-MON-RR'));
Insert into SYSTEM.TTDV (MALOAIDICHVU,MANV,MAHOADON,THOIGIANTHUCHIEN) values ('0YPB4JZ','NV00622','HD3258',to_date('28-JAN-20','DD-MON-RR'));
Insert into SYSTEM.TTDV (MALOAIDICHVU,MANV,MAHOADON,THOIGIANTHUCHIEN) values ('2W0GXYZ','NV00287','HD3088',to_date('02-AUG-20','DD-MON-RR'));
Insert into SYSTEM.TTDV (MALOAIDICHVU,MANV,MAHOADON,THOIGIANTHUCHIEN) values ('0VMF0ZZ','NV00416','HD0122',to_date('13-MAR-20','DD-MON-RR'));
Insert into SYSTEM.TTDV (MALOAIDICHVU,MANV,MAHOADON,THOIGIANTHUCHIEN) values ('0B1','NV00342','HD3796',to_date('06-FEB-20','DD-MON-RR'));
Insert into SYSTEM.TTDV (MALOAIDICHVU,MANV,MAHOADON,THOIGIANTHUCHIEN) values ('0D154J6','NV00197','HD3399',to_date('23-MAR-20','DD-MON-RR'));
Insert into SYSTEM.TTDV (MALOAIDICHVU,MANV,MAHOADON,THOIGIANTHUCHIEN) values ('0DH93DZ','NV00043','HD8053',to_date('28-DEC-20','DD-MON-RR'));
Insert into SYSTEM.TTDV (MALOAIDICHVU,MANV,MAHOADON,THOIGIANTHUCHIEN) values ('0SS9XZZ','NV00416','HD3331',to_date('29-FEB-20','DD-MON-RR'));
Insert into SYSTEM.TTDV (MALOAIDICHVU,MANV,MAHOADON,THOIGIANTHUCHIEN) values ('BT1C0ZZ','NV00068','HD7205',to_date('12-JUL-20','DD-MON-RR'));
Insert into SYSTEM.TTDV (MALOAIDICHVU,MANV,MAHOADON,THOIGIANTHUCHIEN) values ('0BYD0Z2','NV00202','HD0523',to_date('13-FEB-20','DD-MON-RR'));
Insert into SYSTEM.TTDV (MALOAIDICHVU,MANV,MAHOADON,THOIGIANTHUCHIEN) values ('377076','NV00659','HD2683',to_date('29-MAR-20','DD-MON-RR'));
Insert into SYSTEM.TTDV (MALOAIDICHVU,MANV,MAHOADON,THOIGIANTHUCHIEN) values ('0M983ZZ','NV00548','HD7516',to_date('23-AUG-20','DD-MON-RR'));
Insert into SYSTEM.TTDV (MALOAIDICHVU,MANV,MAHOADON,THOIGIANTHUCHIEN) values ('0SS9XZZ','NV00461','HD2841',to_date('04-AUG-20','DD-MON-RR'));
Insert into SYSTEM.TTDV (MALOAIDICHVU,MANV,MAHOADON,THOIGIANTHUCHIEN) values ('0X960ZX','NV00202','HD2785',to_date('04-MAR-20','DD-MON-RR'));
Insert into SYSTEM.TTDV (MALOAIDICHVU,MANV,MAHOADON,THOIGIANTHUCHIEN) values ('377076','NV00775','HD2861',to_date('26-FEB-20','DD-MON-RR'));
Insert into SYSTEM.TTDV (MALOAIDICHVU,MANV,MAHOADON,THOIGIANTHUCHIEN) values ('0G5F0ZZ','NV00342','HD2359',to_date('13-NOV-20','DD-MON-RR'));
Insert into SYSTEM.TTDV (MALOAIDICHVU,MANV,MAHOADON,THOIGIANTHUCHIEN) values ('095P4ZZ','NV00202','HD1903',to_date('04-MAY-20','DD-MON-RR'));
Insert into SYSTEM.TTDV (MALOAIDICHVU,MANV,MAHOADON,THOIGIANTHUCHIEN) values ('0VJS4ZZ','NV00081','HD8896',to_date('11-MAR-20','DD-MON-RR'));
Insert into SYSTEM.TTDV (MALOAIDICHVU,MANV,MAHOADON,THOIGIANTHUCHIEN) values ('03VV3DZ','NV00296','HD5591',to_date('01-MAY-20','DD-MON-RR'));
Insert into SYSTEM.TTDV (MALOAIDICHVU,MANV,MAHOADON,THOIGIANTHUCHIEN) values ('0QH904Z','NV00252','HD0732',to_date('14-OCT-20','DD-MON-RR'));
Insert into SYSTEM.TTDV (MALOAIDICHVU,MANV,MAHOADON,THOIGIANTHUCHIEN) values ('0G5F0ZZ','NV00461','HD8939',to_date('24-NOV-20','DD-MON-RR'));
Insert into SYSTEM.TTDV (MALOAIDICHVU,MANV,MAHOADON,THOIGIANTHUCHIEN) values ('F00ZPYZ','NV00068','HD9525',to_date('10-DEC-20','DD-MON-RR'));
Insert into SYSTEM.TTDV (MALOAIDICHVU,MANV,MAHOADON,THOIGIANTHUCHIEN) values ('D9061ZZ','NV00455','HD4696',to_date('24-JAN-20','DD-MON-RR'));
Insert into SYSTEM.TTDV (MALOAIDICHVU,MANV,MAHOADON,THOIGIANTHUCHIEN) values ('0D5Q0ZZ','NV00218','HD0535',to_date('06-JUL-20','DD-MON-RR'));
Insert into SYSTEM.TTDV (MALOAIDICHVU,MANV,MAHOADON,THOIGIANTHUCHIEN) values ('0D134K9','NV00296','HD4751',to_date('12-JAN-20','DD-MON-RR'));
Insert into SYSTEM.TTDV (MALOAIDICHVU,MANV,MAHOADON,THOIGIANTHUCHIEN) values ('06UY37Z','NV00469','HD0561',to_date('24-MAY-20','DD-MON-RR'));
Insert into SYSTEM.TTDV (MALOAIDICHVU,MANV,MAHOADON,THOIGIANTHUCHIEN) values ('0U9G80Z','NV00043','HD8304',to_date('19-DEC-20','DD-MON-RR'));
Insert into SYSTEM.TTDV (MALOAIDICHVU,MANV,MAHOADON,THOIGIANTHUCHIEN) values ('0QH904Z','NV00218','HD5018',to_date('30-JUL-20','DD-MON-RR'));
Insert into SYSTEM.TTDV (MALOAIDICHVU,MANV,MAHOADON,THOIGIANTHUCHIEN) values ('0VMF0ZZ','NV00427','HD1994',to_date('05-DEC-20','DD-MON-RR'));
Insert into SYSTEM.TTDV (MALOAIDICHVU,MANV,MAHOADON,THOIGIANTHUCHIEN) values ('0RR60JZ','NV00068','HD9308',to_date('06-JUN-20','DD-MON-RR'));
Insert into SYSTEM.TTDV (MALOAIDICHVU,MANV,MAHOADON,THOIGIANTHUCHIEN) values ('377076','NV00548','HD5909',to_date('30-MAR-20','DD-MON-RR'));
Insert into SYSTEM.TTDV (MALOAIDICHVU,MANV,MAHOADON,THOIGIANTHUCHIEN) values ('D9061ZZ','NV00606','HD7938',to_date('11-JUN-20','DD-MON-RR'));
Insert into SYSTEM.TTDV (MALOAIDICHVU,MANV,MAHOADON,THOIGIANTHUCHIEN) values ('0D5Q0ZZ','NV00515','HD8494',to_date('23-MAY-20','DD-MON-RR'));
Insert into SYSTEM.TTDV (MALOAIDICHVU,MANV,MAHOADON,THOIGIANTHUCHIEN) values ('0QH904Z','NV00989','HD6656',to_date('25-DEC-20','DD-MON-RR'));
Insert into SYSTEM.TTDV (MALOAIDICHVU,MANV,MAHOADON,THOIGIANTHUCHIEN) values ('F00ZPYZ','NV00515','HD8356',to_date('05-NOV-20','DD-MON-RR'));
Insert into SYSTEM.TTDV (MALOAIDICHVU,MANV,MAHOADON,THOIGIANTHUCHIEN) values ('0HR9X73','NV00613','HD3085',to_date('14-JAN-20','DD-MON-RR'));
Insert into SYSTEM.TTDV (MALOAIDICHVU,MANV,MAHOADON,THOIGIANTHUCHIEN) values ('0RR60JZ','NV00043','HD7908',to_date('28-AUG-20','DD-MON-RR'));
